Suparnas-MacBook-Pro.local,19588,2017-08-08,22:05:38,0.0,15M+,MATLAB,2017-08-08,22:06:41.076,2017-08-08,22:06:51.057,129499136,pstep-1,143654912
Suparnas-MacBook-Pro.local,19588,2017-08-08,22:05:38,0.0,15M+,MATLAB,2017-08-08,22:06:51.079,2017-08-08,22:06:54.130,129499136,pstep-2,129499136
Suparnas-MacBook-Pro.local,19588,2017-08-08,22:05:38,0.0,15M+,MATLAB,2017-08-08,22:06:54.136,2017-08-08,22:06:57.781,129499136,pstep-3,129499136
Suparnas-MacBook-Pro.local,19588,2017-08-08,22:05:38,0.0,15M+,MATLAB,2017-08-08,22:06:57.796,2017-08-08,22:07:01.134,196608000,pstep-4,129499136
Suparnas-MacBook-Pro.local,19588,2017-08-08,22:05:38,0.0,15M+,MATLAB,2017-08-08,22:07:01.138,2017-08-08,22:07:04.969,196608000,pstep-5,196608000
Suparnas-MacBook-Pro.local,19588,2017-08-08,22:05:40,0.0,15M+,MATLAB,2017-08-08,22:06:41.076,2017-08-08,22:06:51.057,129499136,pstep-1,143654912
Suparnas-MacBook-Pro.local,19588,2017-08-08,22:05:40,0.0,15M+,MATLAB,2017-08-08,22:06:51.079,2017-08-08,22:06:54.130,129499136,pstep-2,129499136
Suparnas-MacBook-Pro.local,19588,2017-08-08,22:05:40,0.0,15M+,MATLAB,2017-08-08,22:06:54.136,2017-08-08,22:06:57.781,129499136,pstep-3,129499136
Suparnas-MacBook-Pro.local,19588,2017-08-08,22:05:40,0.0,15M+,MATLAB,2017-08-08,22:06:57.796,2017-08-08,22:07:01.134,196608000,pstep-4,129499136
Suparnas-MacBook-Pro.local,19588,2017-08-08,22:05:40,0.0,15M+,MATLAB,2017-08-08,22:07:01.138,2017-08-08,22:07:04.969,196608000,pstep-5,196608000
Suparnas-MacBook-Pro.local,19588,2017-08-08,22:05:40,0.0,15M,MATLAB,2017-08-08,22:06:41.076,2017-08-08,22:06:51.057,129499136,pstep-1,143654912
Suparnas-MacBook-Pro.local,19588,2017-08-08,22:05:40,0.0,15M,MATLAB,2017-08-08,22:06:51.079,2017-08-08,22:06:54.130,129499136,pstep-2,129499136
Suparnas-MacBook-Pro.local,19588,2017-08-08,22:05:40,0.0,15M,MATLAB,2017-08-08,22:06:54.136,2017-08-08,22:06:57.781,129499136,pstep-3,129499136
Suparnas-MacBook-Pro.local,19588,2017-08-08,22:05:40,0.0,15M,MATLAB,2017-08-08,22:06:57.796,2017-08-08,22:07:01.134,196608000,pstep-4,129499136
Suparnas-MacBook-Pro.local,19588,2017-08-08,22:05:40,0.0,15M,MATLAB,2017-08-08,22:07:01.138,2017-08-08,22:07:04.969,196608000,pstep-5,196608000
Suparnas-MacBook-Pro.local,19588,2017-08-08,22:05:43,0.0,15M+,MATLAB,2017-08-08,22:06:41.076,2017-08-08,22:06:51.057,129499136,pstep-1,143654912
Suparnas-MacBook-Pro.local,19588,2017-08-08,22:05:43,0.0,15M+,MATLAB,2017-08-08,22:06:51.079,2017-08-08,22:06:54.130,129499136,pstep-2,129499136
Suparnas-MacBook-Pro.local,19588,2017-08-08,22:05:43,0.0,15M+,MATLAB,2017-08-08,22:06:54.136,2017-08-08,22:06:57.781,129499136,pstep-3,129499136
Suparnas-MacBook-Pro.local,19588,2017-08-08,22:05:43,0.0,15M+,MATLAB,2017-08-08,22:06:57.796,2017-08-08,22:07:01.134,196608000,pstep-4,129499136
Suparnas-MacBook-Pro.local,19588,2017-08-08,22:05:43,0.0,15M+,MATLAB,2017-08-08,22:07:01.138,2017-08-08,22:07:04.969,196608000,pstep-5,196608000
Suparnas-MacBook-Pro.local,19588,2017-08-08,22:05:43,0.0,15M-,MATLAB,2017-08-08,22:06:41.076,2017-08-08,22:06:51.057,129499136,pstep-1,143654912
Suparnas-MacBook-Pro.local,19588,2017-08-08,22:05:43,0.0,15M-,MATLAB,2017-08-08,22:06:51.079,2017-08-08,22:06:54.130,129499136,pstep-2,129499136
Suparnas-MacBook-Pro.local,19588,2017-08-08,22:05:43,0.0,15M-,MATLAB,2017-08-08,22:06:54.136,2017-08-08,22:06:57.781,129499136,pstep-3,129499136
Suparnas-MacBook-Pro.local,19588,2017-08-08,22:05:43,0.0,15M-,MATLAB,2017-08-08,22:06:57.796,2017-08-08,22:07:01.134,196608000,pstep-4,129499136
Suparnas-MacBook-Pro.local,19588,2017-08-08,22:05:43,0.0,15M-,MATLAB,2017-08-08,22:07:01.138,2017-08-08,22:07:04.969,196608000,pstep-5,196608000
Suparnas-MacBook-Pro.local,19588,2017-08-08,22:05:45,0.0,15M+,MATLAB,2017-08-08,22:06:41.076,2017-08-08,22:06:51.057,129499136,pstep-1,143654912
Suparnas-MacBook-Pro.local,19588,2017-08-08,22:05:45,0.0,15M+,MATLAB,2017-08-08,22:06:51.079,2017-08-08,22:06:54.130,129499136,pstep-2,129499136
Suparnas-MacBook-Pro.local,19588,2017-08-08,22:05:45,0.0,15M+,MATLAB,2017-08-08,22:06:54.136,2017-08-08,22:06:57.781,129499136,pstep-3,129499136
Suparnas-MacBook-Pro.local,19588,2017-08-08,22:05:45,0.0,15M+,MATLAB,2017-08-08,22:06:57.796,2017-08-08,22:07:01.134,196608000,pstep-4,129499136
Suparnas-MacBook-Pro.local,19588,2017-08-08,22:05:45,0.0,15M+,MATLAB,2017-08-08,22:07:01.138,2017-08-08,22:07:04.969,196608000,pstep-5,196608000
Suparnas-MacBook-Pro.local,19588,2017-08-08,22:05:45,0.0,15M,MATLAB,2017-08-08,22:06:41.076,2017-08-08,22:06:51.057,129499136,pstep-1,143654912
Suparnas-MacBook-Pro.local,19588,2017-08-08,22:05:45,0.0,15M,MATLAB,2017-08-08,22:06:51.079,2017-08-08,22:06:54.130,129499136,pstep-2,129499136
Suparnas-MacBook-Pro.local,19588,2017-08-08,22:05:45,0.0,15M,MATLAB,2017-08-08,22:06:54.136,2017-08-08,22:06:57.781,129499136,pstep-3,129499136
Suparnas-MacBook-Pro.local,19588,2017-08-08,22:05:45,0.0,15M,MATLAB,2017-08-08,22:06:57.796,2017-08-08,22:07:01.134,196608000,pstep-4,129499136
Suparnas-MacBook-Pro.local,19588,2017-08-08,22:05:45,0.0,15M,MATLAB,2017-08-08,22:07:01.138,2017-08-08,22:07:04.969,196608000,pstep-5,196608000
Suparnas-MacBook-Pro.local,19588,2017-08-08,22:05:47,0.0,15M+,MATLAB,2017-08-08,22:06:41.076,2017-08-08,22:06:51.057,129499136,pstep-1,143654912
Suparnas-MacBook-Pro.local,19588,2017-08-08,22:05:47,0.0,15M+,MATLAB,2017-08-08,22:06:51.079,2017-08-08,22:06:54.130,129499136,pstep-2,129499136
Suparnas-MacBook-Pro.local,19588,2017-08-08,22:05:47,0.0,15M+,MATLAB,2017-08-08,22:06:54.136,2017-08-08,22:06:57.781,129499136,pstep-3,129499136
Suparnas-MacBook-Pro.local,19588,2017-08-08,22:05:47,0.0,15M+,MATLAB,2017-08-08,22:06:57.796,2017-08-08,22:07:01.134,196608000,pstep-4,129499136
Suparnas-MacBook-Pro.local,19588,2017-08-08,22:05:47,0.0,15M+,MATLAB,2017-08-08,22:07:01.138,2017-08-08,22:07:04.969,196608000,pstep-5,196608000
Suparnas-MacBook-Pro.local,19588,2017-08-08,22:05:47,0.4,15M+,MATLAB,2017-08-08,22:06:41.076,2017-08-08,22:06:51.057,129499136,pstep-1,143654912
Suparnas-MacBook-Pro.local,19588,2017-08-08,22:05:47,0.4,15M+,MATLAB,2017-08-08,22:06:51.079,2017-08-08,22:06:54.130,129499136,pstep-2,129499136
Suparnas-MacBook-Pro.local,19588,2017-08-08,22:05:47,0.4,15M+,MATLAB,2017-08-08,22:06:54.136,2017-08-08,22:06:57.781,129499136,pstep-3,129499136
Suparnas-MacBook-Pro.local,19588,2017-08-08,22:05:47,0.4,15M+,MATLAB,2017-08-08,22:06:57.796,2017-08-08,22:07:01.134,196608000,pstep-4,129499136
Suparnas-MacBook-Pro.local,19588,2017-08-08,22:05:47,0.4,15M+,MATLAB,2017-08-08,22:07:01.138,2017-08-08,22:07:04.969,196608000,pstep-5,196608000
Suparnas-MacBook-Pro.local,19588,2017-08-08,22:05:50,0.0,18M+,MATLAB,2017-08-08,22:06:41.076,2017-08-08,22:06:51.057,129499136,pstep-1,143654912
Suparnas-MacBook-Pro.local,19588,2017-08-08,22:05:50,0.0,18M+,MATLAB,2017-08-08,22:06:51.079,2017-08-08,22:06:54.130,129499136,pstep-2,129499136
Suparnas-MacBook-Pro.local,19588,2017-08-08,22:05:50,0.0,18M+,MATLAB,2017-08-08,22:06:54.136,2017-08-08,22:06:57.781,129499136,pstep-3,129499136
Suparnas-MacBook-Pro.local,19588,2017-08-08,22:05:50,0.0,18M+,MATLAB,2017-08-08,22:06:57.796,2017-08-08,22:07:01.134,196608000,pstep-4,129499136
Suparnas-MacBook-Pro.local,19588,2017-08-08,22:05:50,0.0,18M+,MATLAB,2017-08-08,22:07:01.138,2017-08-08,22:07:04.969,196608000,pstep-5,196608000
Suparnas-MacBook-Pro.local,19588,2017-08-08,22:05:50,100.8,90M+,MATLAB,2017-08-08,22:06:41.076,2017-08-08,22:06:51.057,129499136,pstep-1,143654912
Suparnas-MacBook-Pro.local,19588,2017-08-08,22:05:50,100.8,90M+,MATLAB,2017-08-08,22:06:51.079,2017-08-08,22:06:54.130,129499136,pstep-2,129499136
Suparnas-MacBook-Pro.local,19588,2017-08-08,22:05:50,100.8,90M+,MATLAB,2017-08-08,22:06:54.136,2017-08-08,22:06:57.781,129499136,pstep-3,129499136
Suparnas-MacBook-Pro.local,19588,2017-08-08,22:05:50,100.8,90M+,MATLAB,2017-08-08,22:06:57.796,2017-08-08,22:07:01.134,196608000,pstep-4,129499136
Suparnas-MacBook-Pro.local,19588,2017-08-08,22:05:50,100.8,90M+,MATLAB,2017-08-08,22:07:01.138,2017-08-08,22:07:04.969,196608000,pstep-5,196608000
Suparnas-MacBook-Pro.local,19588,2017-08-08,22:05:52,0.0,171M+,MATLAB,2017-08-08,22:06:41.076,2017-08-08,22:06:51.057,129499136,pstep-1,143654912
Suparnas-MacBook-Pro.local,19588,2017-08-08,22:05:52,0.0,171M+,MATLAB,2017-08-08,22:06:51.079,2017-08-08,22:06:54.130,129499136,pstep-2,129499136
Suparnas-MacBook-Pro.local,19588,2017-08-08,22:05:52,0.0,171M+,MATLAB,2017-08-08,22:06:54.136,2017-08-08,22:06:57.781,129499136,pstep-3,129499136
Suparnas-MacBook-Pro.local,19588,2017-08-08,22:05:52,0.0,171M+,MATLAB,2017-08-08,22:06:57.796,2017-08-08,22:07:01.134,196608000,pstep-4,129499136
Suparnas-MacBook-Pro.local,19588,2017-08-08,22:05:52,0.0,171M+,MATLAB,2017-08-08,22:07:01.138,2017-08-08,22:07:04.969,196608000,pstep-5,196608000
Suparnas-MacBook-Pro.local,19588,2017-08-08,22:05:52,52.8,209M+,MATLAB,2017-08-08,22:06:41.076,2017-08-08,22:06:51.057,129499136,pstep-1,143654912
Suparnas-MacBook-Pro.local,19588,2017-08-08,22:05:52,52.8,209M+,MATLAB,2017-08-08,22:06:51.079,2017-08-08,22:06:54.130,129499136,pstep-2,129499136
Suparnas-MacBook-Pro.local,19588,2017-08-08,22:05:52,52.8,209M+,MATLAB,2017-08-08,22:06:54.136,2017-08-08,22:06:57.781,129499136,pstep-3,129499136
Suparnas-MacBook-Pro.local,19588,2017-08-08,22:05:52,52.8,209M+,MATLAB,2017-08-08,22:06:57.796,2017-08-08,22:07:01.134,196608000,pstep-4,129499136
Suparnas-MacBook-Pro.local,19588,2017-08-08,22:05:52,52.8,209M+,MATLAB,2017-08-08,22:07:01.138,2017-08-08,22:07:04.969,196608000,pstep-5,196608000
Suparnas-MacBook-Pro.local,19588,2017-08-08,22:05:54,0.0,209M+,MATLAB,2017-08-08,22:06:41.076,2017-08-08,22:06:51.057,129499136,pstep-1,143654912
Suparnas-MacBook-Pro.local,19588,2017-08-08,22:05:54,0.0,209M+,MATLAB,2017-08-08,22:06:51.079,2017-08-08,22:06:54.130,129499136,pstep-2,129499136
Suparnas-MacBook-Pro.local,19588,2017-08-08,22:05:54,0.0,209M+,MATLAB,2017-08-08,22:06:54.136,2017-08-08,22:06:57.781,129499136,pstep-3,129499136
Suparnas-MacBook-Pro.local,19588,2017-08-08,22:05:54,0.0,209M+,MATLAB,2017-08-08,22:06:57.796,2017-08-08,22:07:01.134,196608000,pstep-4,129499136
Suparnas-MacBook-Pro.local,19588,2017-08-08,22:05:54,0.0,209M+,MATLAB,2017-08-08,22:07:01.138,2017-08-08,22:07:04.969,196608000,pstep-5,196608000
Suparnas-MacBook-Pro.local,19588,2017-08-08,22:05:54,0.1,205M-,MATLAB,2017-08-08,22:06:41.076,2017-08-08,22:06:51.057,129499136,pstep-1,143654912
Suparnas-MacBook-Pro.local,19588,2017-08-08,22:05:54,0.1,205M-,MATLAB,2017-08-08,22:06:51.079,2017-08-08,22:06:54.130,129499136,pstep-2,129499136
Suparnas-MacBook-Pro.local,19588,2017-08-08,22:05:54,0.1,205M-,MATLAB,2017-08-08,22:06:54.136,2017-08-08,22:06:57.781,129499136,pstep-3,129499136
Suparnas-MacBook-Pro.local,19588,2017-08-08,22:05:54,0.1,205M-,MATLAB,2017-08-08,22:06:57.796,2017-08-08,22:07:01.134,196608000,pstep-4,129499136
Suparnas-MacBook-Pro.local,19588,2017-08-08,22:05:54,0.1,205M-,MATLAB,2017-08-08,22:07:01.138,2017-08-08,22:07:04.969,196608000,pstep-5,196608000
Suparnas-MacBook-Pro.local,19588,2017-08-08,22:05:56,0.0,205M+,MATLAB,2017-08-08,22:06:41.076,2017-08-08,22:06:51.057,129499136,pstep-1,143654912
Suparnas-MacBook-Pro.local,19588,2017-08-08,22:05:56,0.0,205M+,MATLAB,2017-08-08,22:06:51.079,2017-08-08,22:06:54.130,129499136,pstep-2,129499136
Suparnas-MacBook-Pro.local,19588,2017-08-08,22:05:56,0.0,205M+,MATLAB,2017-08-08,22:06:54.136,2017-08-08,22:06:57.781,129499136,pstep-3,129499136
Suparnas-MacBook-Pro.local,19588,2017-08-08,22:05:56,0.0,205M+,MATLAB,2017-08-08,22:06:57.796,2017-08-08,22:07:01.134,196608000,pstep-4,129499136
Suparnas-MacBook-Pro.local,19588,2017-08-08,22:05:56,0.0,205M+,MATLAB,2017-08-08,22:07:01.138,2017-08-08,22:07:04.969,196608000,pstep-5,196608000
Suparnas-MacBook-Pro.local,19588,2017-08-08,22:05:56,0.3,205M+,MATLAB,2017-08-08,22:06:41.076,2017-08-08,22:06:51.057,129499136,pstep-1,143654912
Suparnas-MacBook-Pro.local,19588,2017-08-08,22:05:56,0.3,205M+,MATLAB,2017-08-08,22:06:51.079,2017-08-08,22:06:54.130,129499136,pstep-2,129499136
Suparnas-MacBook-Pro.local,19588,2017-08-08,22:05:56,0.3,205M+,MATLAB,2017-08-08,22:06:54.136,2017-08-08,22:06:57.781,129499136,pstep-3,129499136
Suparnas-MacBook-Pro.local,19588,2017-08-08,22:05:56,0.3,205M+,MATLAB,2017-08-08,22:06:57.796,2017-08-08,22:07:01.134,196608000,pstep-4,129499136
Suparnas-MacBook-Pro.local,19588,2017-08-08,22:05:56,0.3,205M+,MATLAB,2017-08-08,22:07:01.138,2017-08-08,22:07:04.969,196608000,pstep-5,196608000
Suparnas-MacBook-Pro.local,19588,2017-08-08,22:05:59,0.0,205M+,MATLAB,2017-08-08,22:06:41.076,2017-08-08,22:06:51.057,129499136,pstep-1,143654912
Suparnas-MacBook-Pro.local,19588,2017-08-08,22:05:59,0.0,205M+,MATLAB,2017-08-08,22:06:51.079,2017-08-08,22:06:54.130,129499136,pstep-2,129499136
Suparnas-MacBook-Pro.local,19588,2017-08-08,22:05:59,0.0,205M+,MATLAB,2017-08-08,22:06:54.136,2017-08-08,22:06:57.781,129499136,pstep-3,129499136
Suparnas-MacBook-Pro.local,19588,2017-08-08,22:05:59,0.0,205M+,MATLAB,2017-08-08,22:06:57.796,2017-08-08,22:07:01.134,196608000,pstep-4,129499136
Suparnas-MacBook-Pro.local,19588,2017-08-08,22:05:59,0.0,205M+,MATLAB,2017-08-08,22:07:01.138,2017-08-08,22:07:04.969,196608000,pstep-5,196608000
Suparnas-MacBook-Pro.local,19588,2017-08-08,22:05:59,0.1,205M,MATLAB,2017-08-08,22:06:41.076,2017-08-08,22:06:51.057,129499136,pstep-1,143654912
Suparnas-MacBook-Pro.local,19588,2017-08-08,22:05:59,0.1,205M,MATLAB,2017-08-08,22:06:51.079,2017-08-08,22:06:54.130,129499136,pstep-2,129499136
Suparnas-MacBook-Pro.local,19588,2017-08-08,22:05:59,0.1,205M,MATLAB,2017-08-08,22:06:54.136,2017-08-08,22:06:57.781,129499136,pstep-3,129499136
Suparnas-MacBook-Pro.local,19588,2017-08-08,22:05:59,0.1,205M,MATLAB,2017-08-08,22:06:57.796,2017-08-08,22:07:01.134,196608000,pstep-4,129499136
Suparnas-MacBook-Pro.local,19588,2017-08-08,22:05:59,0.1,205M,MATLAB,2017-08-08,22:07:01.138,2017-08-08,22:07:04.969,196608000,pstep-5,196608000
Suparnas-MacBook-Pro.local,19588,2017-08-08,22:06:01,0.0,205M+,MATLAB,2017-08-08,22:06:41.076,2017-08-08,22:06:51.057,129499136,pstep-1,143654912
Suparnas-MacBook-Pro.local,19588,2017-08-08,22:06:01,0.0,205M+,MATLAB,2017-08-08,22:06:51.079,2017-08-08,22:06:54.130,129499136,pstep-2,129499136
Suparnas-MacBook-Pro.local,19588,2017-08-08,22:06:01,0.0,205M+,MATLAB,2017-08-08,22:06:54.136,2017-08-08,22:06:57.781,129499136,pstep-3,129499136
Suparnas-MacBook-Pro.local,19588,2017-08-08,22:06:01,0.0,205M+,MATLAB,2017-08-08,22:06:57.796,2017-08-08,22:07:01.134,196608000,pstep-4,129499136
Suparnas-MacBook-Pro.local,19588,2017-08-08,22:06:01,0.0,205M+,MATLAB,2017-08-08,22:07:01.138,2017-08-08,22:07:04.969,196608000,pstep-5,196608000
Suparnas-MacBook-Pro.local,19588,2017-08-08,22:06:01,1.1,205M,MATLAB,2017-08-08,22:06:41.076,2017-08-08,22:06:51.057,129499136,pstep-1,143654912
Suparnas-MacBook-Pro.local,19588,2017-08-08,22:06:01,1.1,205M,MATLAB,2017-08-08,22:06:51.079,2017-08-08,22:06:54.130,129499136,pstep-2,129499136
Suparnas-MacBook-Pro.local,19588,2017-08-08,22:06:01,1.1,205M,MATLAB,2017-08-08,22:06:54.136,2017-08-08,22:06:57.781,129499136,pstep-3,129499136
Suparnas-MacBook-Pro.local,19588,2017-08-08,22:06:01,1.1,205M,MATLAB,2017-08-08,22:06:57.796,2017-08-08,22:07:01.134,196608000,pstep-4,129499136
Suparnas-MacBook-Pro.local,19588,2017-08-08,22:06:01,1.1,205M,MATLAB,2017-08-08,22:07:01.138,2017-08-08,22:07:04.969,196608000,pstep-5,196608000
Suparnas-MacBook-Pro.local,19588,2017-08-08,22:06:03,0.0,205M+,MATLAB,2017-08-08,22:06:41.076,2017-08-08,22:06:51.057,129499136,pstep-1,143654912
Suparnas-MacBook-Pro.local,19588,2017-08-08,22:06:03,0.0,205M+,MATLAB,2017-08-08,22:06:51.079,2017-08-08,22:06:54.130,129499136,pstep-2,129499136
Suparnas-MacBook-Pro.local,19588,2017-08-08,22:06:03,0.0,205M+,MATLAB,2017-08-08,22:06:54.136,2017-08-08,22:06:57.781,129499136,pstep-3,129499136
Suparnas-MacBook-Pro.local,19588,2017-08-08,22:06:03,0.0,205M+,MATLAB,2017-08-08,22:06:57.796,2017-08-08,22:07:01.134,196608000,pstep-4,129499136
Suparnas-MacBook-Pro.local,19588,2017-08-08,22:06:03,0.0,205M+,MATLAB,2017-08-08,22:07:01.138,2017-08-08,22:07:04.969,196608000,pstep-5,196608000
Suparnas-MacBook-Pro.local,19588,2017-08-08,22:06:03,1.0,205M,MATLAB,2017-08-08,22:06:41.076,2017-08-08,22:06:51.057,129499136,pstep-1,143654912
Suparnas-MacBook-Pro.local,19588,2017-08-08,22:06:03,1.0,205M,MATLAB,2017-08-08,22:06:51.079,2017-08-08,22:06:54.130,129499136,pstep-2,129499136
Suparnas-MacBook-Pro.local,19588,2017-08-08,22:06:03,1.0,205M,MATLAB,2017-08-08,22:06:54.136,2017-08-08,22:06:57.781,129499136,pstep-3,129499136
Suparnas-MacBook-Pro.local,19588,2017-08-08,22:06:03,1.0,205M,MATLAB,2017-08-08,22:06:57.796,2017-08-08,22:07:01.134,196608000,pstep-4,129499136
Suparnas-MacBook-Pro.local,19588,2017-08-08,22:06:03,1.0,205M,MATLAB,2017-08-08,22:07:01.138,2017-08-08,22:07:04.969,196608000,pstep-5,196608000
Suparnas-MacBook-Pro.local,19588,2017-08-08,22:06:06,0.0,205M+,MATLAB,2017-08-08,22:06:41.076,2017-08-08,22:06:51.057,129499136,pstep-1,143654912
Suparnas-MacBook-Pro.local,19588,2017-08-08,22:06:06,0.0,205M+,MATLAB,2017-08-08,22:06:51.079,2017-08-08,22:06:54.130,129499136,pstep-2,129499136
Suparnas-MacBook-Pro.local,19588,2017-08-08,22:06:06,0.0,205M+,MATLAB,2017-08-08,22:06:54.136,2017-08-08,22:06:57.781,129499136,pstep-3,129499136
Suparnas-MacBook-Pro.local,19588,2017-08-08,22:06:06,0.0,205M+,MATLAB,2017-08-08,22:06:57.796,2017-08-08,22:07:01.134,196608000,pstep-4,129499136
Suparnas-MacBook-Pro.local,19588,2017-08-08,22:06:06,0.0,205M+,MATLAB,2017-08-08,22:07:01.138,2017-08-08,22:07:04.969,196608000,pstep-5,196608000
Suparnas-MacBook-Pro.local,19588,2017-08-08,22:06:06,0.6,205M,MATLAB,2017-08-08,22:06:41.076,2017-08-08,22:06:51.057,129499136,pstep-1,143654912
Suparnas-MacBook-Pro.local,19588,2017-08-08,22:06:06,0.6,205M,MATLAB,2017-08-08,22:06:51.079,2017-08-08,22:06:54.130,129499136,pstep-2,129499136
Suparnas-MacBook-Pro.local,19588,2017-08-08,22:06:06,0.6,205M,MATLAB,2017-08-08,22:06:54.136,2017-08-08,22:06:57.781,129499136,pstep-3,129499136
Suparnas-MacBook-Pro.local,19588,2017-08-08,22:06:06,0.6,205M,MATLAB,2017-08-08,22:06:57.796,2017-08-08,22:07:01.134,196608000,pstep-4,129499136
Suparnas-MacBook-Pro.local,19588,2017-08-08,22:06:06,0.6,205M,MATLAB,2017-08-08,22:07:01.138,2017-08-08,22:07:04.969,196608000,pstep-5,196608000
Suparnas-MacBook-Pro.local,19588,2017-08-08,22:06:08,0.0,219M+,MATLAB,2017-08-08,22:06:41.076,2017-08-08,22:06:51.057,129499136,pstep-1,143654912
Suparnas-MacBook-Pro.local,19588,2017-08-08,22:06:08,0.0,219M+,MATLAB,2017-08-08,22:06:51.079,2017-08-08,22:06:54.130,129499136,pstep-2,129499136
Suparnas-MacBook-Pro.local,19588,2017-08-08,22:06:08,0.0,219M+,MATLAB,2017-08-08,22:06:54.136,2017-08-08,22:06:57.781,129499136,pstep-3,129499136
Suparnas-MacBook-Pro.local,19588,2017-08-08,22:06:08,0.0,219M+,MATLAB,2017-08-08,22:06:57.796,2017-08-08,22:07:01.134,196608000,pstep-4,129499136
Suparnas-MacBook-Pro.local,19588,2017-08-08,22:06:08,0.0,219M+,MATLAB,2017-08-08,22:07:01.138,2017-08-08,22:07:04.969,196608000,pstep-5,196608000
Suparnas-MacBook-Pro.local,19588,2017-08-08,22:06:08,84.7,252M+,MATLAB,2017-08-08,22:06:41.076,2017-08-08,22:06:51.057,129499136,pstep-1,143654912
Suparnas-MacBook-Pro.local,19588,2017-08-08,22:06:08,84.7,252M+,MATLAB,2017-08-08,22:06:51.079,2017-08-08,22:06:54.130,129499136,pstep-2,129499136
Suparnas-MacBook-Pro.local,19588,2017-08-08,22:06:08,84.7,252M+,MATLAB,2017-08-08,22:06:54.136,2017-08-08,22:06:57.781,129499136,pstep-3,129499136
Suparnas-MacBook-Pro.local,19588,2017-08-08,22:06:08,84.7,252M+,MATLAB,2017-08-08,22:06:57.796,2017-08-08,22:07:01.134,196608000,pstep-4,129499136
Suparnas-MacBook-Pro.local,19588,2017-08-08,22:06:08,84.7,252M+,MATLAB,2017-08-08,22:07:01.138,2017-08-08,22:07:04.969,196608000,pstep-5,196608000
Suparnas-MacBook-Pro.local,19588,2017-08-08,22:06:10,0.0,272M+,MATLAB,2017-08-08,22:06:41.076,2017-08-08,22:06:51.057,129499136,pstep-1,143654912
Suparnas-MacBook-Pro.local,19588,2017-08-08,22:06:10,0.0,272M+,MATLAB,2017-08-08,22:06:51.079,2017-08-08,22:06:54.130,129499136,pstep-2,129499136
Suparnas-MacBook-Pro.local,19588,2017-08-08,22:06:10,0.0,272M+,MATLAB,2017-08-08,22:06:54.136,2017-08-08,22:06:57.781,129499136,pstep-3,129499136
Suparnas-MacBook-Pro.local,19588,2017-08-08,22:06:10,0.0,272M+,MATLAB,2017-08-08,22:06:57.796,2017-08-08,22:07:01.134,196608000,pstep-4,129499136
Suparnas-MacBook-Pro.local,19588,2017-08-08,22:06:10,0.0,272M+,MATLAB,2017-08-08,22:07:01.138,2017-08-08,22:07:04.969,196608000,pstep-5,196608000
Suparnas-MacBook-Pro.local,19588,2017-08-08,22:06:10,73.7,314M+,MATLAB,2017-08-08,22:06:41.076,2017-08-08,22:06:51.057,129499136,pstep-1,143654912
Suparnas-MacBook-Pro.local,19588,2017-08-08,22:06:10,73.7,314M+,MATLAB,2017-08-08,22:06:51.079,2017-08-08,22:06:54.130,129499136,pstep-2,129499136
Suparnas-MacBook-Pro.local,19588,2017-08-08,22:06:10,73.7,314M+,MATLAB,2017-08-08,22:06:54.136,2017-08-08,22:06:57.781,129499136,pstep-3,129499136
Suparnas-MacBook-Pro.local,19588,2017-08-08,22:06:10,73.7,314M+,MATLAB,2017-08-08,22:06:57.796,2017-08-08,22:07:01.134,196608000,pstep-4,129499136
Suparnas-MacBook-Pro.local,19588,2017-08-08,22:06:10,73.7,314M+,MATLAB,2017-08-08,22:07:01.138,2017-08-08,22:07:04.969,196608000,pstep-5,196608000
Suparnas-MacBook-Pro.local,19588,2017-08-08,22:06:13,0.0,314M+,MATLAB,2017-08-08,22:06:41.076,2017-08-08,22:06:51.057,129499136,pstep-1,143654912
Suparnas-MacBook-Pro.local,19588,2017-08-08,22:06:13,0.0,314M+,MATLAB,2017-08-08,22:06:51.079,2017-08-08,22:06:54.130,129499136,pstep-2,129499136
Suparnas-MacBook-Pro.local,19588,2017-08-08,22:06:13,0.0,314M+,MATLAB,2017-08-08,22:06:54.136,2017-08-08,22:06:57.781,129499136,pstep-3,129499136
Suparnas-MacBook-Pro.local,19588,2017-08-08,22:06:13,0.0,314M+,MATLAB,2017-08-08,22:06:57.796,2017-08-08,22:07:01.134,196608000,pstep-4,129499136
Suparnas-MacBook-Pro.local,19588,2017-08-08,22:06:13,0.0,314M+,MATLAB,2017-08-08,22:07:01.138,2017-08-08,22:07:04.969,196608000,pstep-5,196608000
Suparnas-MacBook-Pro.local,19588,2017-08-08,22:06:13,0.0,314M-,MATLAB,2017-08-08,22:06:41.076,2017-08-08,22:06:51.057,129499136,pstep-1,143654912
Suparnas-MacBook-Pro.local,19588,2017-08-08,22:06:13,0.0,314M-,MATLAB,2017-08-08,22:06:51.079,2017-08-08,22:06:54.130,129499136,pstep-2,129499136
Suparnas-MacBook-Pro.local,19588,2017-08-08,22:06:13,0.0,314M-,MATLAB,2017-08-08,22:06:54.136,2017-08-08,22:06:57.781,129499136,pstep-3,129499136
Suparnas-MacBook-Pro.local,19588,2017-08-08,22:06:13,0.0,314M-,MATLAB,2017-08-08,22:06:57.796,2017-08-08,22:07:01.134,196608000,pstep-4,129499136
Suparnas-MacBook-Pro.local,19588,2017-08-08,22:06:13,0.0,314M-,MATLAB,2017-08-08,22:07:01.138,2017-08-08,22:07:04.969,196608000,pstep-5,196608000
Suparnas-MacBook-Pro.local,19588,2017-08-08,22:06:15,0.0,314M+,MATLAB,2017-08-08,22:06:41.076,2017-08-08,22:06:51.057,129499136,pstep-1,143654912
Suparnas-MacBook-Pro.local,19588,2017-08-08,22:06:15,0.0,314M+,MATLAB,2017-08-08,22:06:51.079,2017-08-08,22:06:54.130,129499136,pstep-2,129499136
Suparnas-MacBook-Pro.local,19588,2017-08-08,22:06:15,0.0,314M+,MATLAB,2017-08-08,22:06:54.136,2017-08-08,22:06:57.781,129499136,pstep-3,129499136
Suparnas-MacBook-Pro.local,19588,2017-08-08,22:06:15,0.0,314M+,MATLAB,2017-08-08,22:06:57.796,2017-08-08,22:07:01.134,196608000,pstep-4,129499136
Suparnas-MacBook-Pro.local,19588,2017-08-08,22:06:15,0.0,314M+,MATLAB,2017-08-08,22:07:01.138,2017-08-08,22:07:04.969,196608000,pstep-5,196608000
Suparnas-MacBook-Pro.local,19588,2017-08-08,22:06:15,0.0,314M,MATLAB,2017-08-08,22:06:41.076,2017-08-08,22:06:51.057,129499136,pstep-1,143654912
Suparnas-MacBook-Pro.local,19588,2017-08-08,22:06:15,0.0,314M,MATLAB,2017-08-08,22:06:51.079,2017-08-08,22:06:54.130,129499136,pstep-2,129499136
Suparnas-MacBook-Pro.local,19588,2017-08-08,22:06:15,0.0,314M,MATLAB,2017-08-08,22:06:54.136,2017-08-08,22:06:57.781,129499136,pstep-3,129499136
Suparnas-MacBook-Pro.local,19588,2017-08-08,22:06:15,0.0,314M,MATLAB,2017-08-08,22:06:57.796,2017-08-08,22:07:01.134,196608000,pstep-4,129499136
Suparnas-MacBook-Pro.local,19588,2017-08-08,22:06:15,0.0,314M,MATLAB,2017-08-08,22:07:01.138,2017-08-08,22:07:04.969,196608000,pstep-5,196608000
Suparnas-MacBook-Pro.local,19588,2017-08-08,22:06:17,0.0,314M+,MATLAB,2017-08-08,22:06:41.076,2017-08-08,22:06:51.057,129499136,pstep-1,143654912
Suparnas-MacBook-Pro.local,19588,2017-08-08,22:06:17,0.0,314M+,MATLAB,2017-08-08,22:06:51.079,2017-08-08,22:06:54.130,129499136,pstep-2,129499136
Suparnas-MacBook-Pro.local,19588,2017-08-08,22:06:17,0.0,314M+,MATLAB,2017-08-08,22:06:54.136,2017-08-08,22:06:57.781,129499136,pstep-3,129499136
Suparnas-MacBook-Pro.local,19588,2017-08-08,22:06:17,0.0,314M+,MATLAB,2017-08-08,22:06:57.796,2017-08-08,22:07:01.134,196608000,pstep-4,129499136
Suparnas-MacBook-Pro.local,19588,2017-08-08,22:06:17,0.0,314M+,MATLAB,2017-08-08,22:07:01.138,2017-08-08,22:07:04.969,196608000,pstep-5,196608000
Suparnas-MacBook-Pro.local,19588,2017-08-08,22:06:17,0.0,314M,MATLAB,2017-08-08,22:06:41.076,2017-08-08,22:06:51.057,129499136,pstep-1,143654912
Suparnas-MacBook-Pro.local,19588,2017-08-08,22:06:17,0.0,314M,MATLAB,2017-08-08,22:06:51.079,2017-08-08,22:06:54.130,129499136,pstep-2,129499136
Suparnas-MacBook-Pro.local,19588,2017-08-08,22:06:17,0.0,314M,MATLAB,2017-08-08,22:06:54.136,2017-08-08,22:06:57.781,129499136,pstep-3,129499136
Suparnas-MacBook-Pro.local,19588,2017-08-08,22:06:17,0.0,314M,MATLAB,2017-08-08,22:06:57.796,2017-08-08,22:07:01.134,196608000,pstep-4,129499136
Suparnas-MacBook-Pro.local,19588,2017-08-08,22:06:17,0.0,314M,MATLAB,2017-08-08,22:07:01.138,2017-08-08,22:07:04.969,196608000,pstep-5,196608000
Suparnas-MacBook-Pro.local,19588,2017-08-08,22:06:19,0.0,314M+,MATLAB,2017-08-08,22:06:41.076,2017-08-08,22:06:51.057,129499136,pstep-1,143654912
Suparnas-MacBook-Pro.local,19588,2017-08-08,22:06:19,0.0,314M+,MATLAB,2017-08-08,22:06:51.079,2017-08-08,22:06:54.130,129499136,pstep-2,129499136
Suparnas-MacBook-Pro.local,19588,2017-08-08,22:06:19,0.0,314M+,MATLAB,2017-08-08,22:06:54.136,2017-08-08,22:06:57.781,129499136,pstep-3,129499136
Suparnas-MacBook-Pro.local,19588,2017-08-08,22:06:19,0.0,314M+,MATLAB,2017-08-08,22:06:57.796,2017-08-08,22:07:01.134,196608000,pstep-4,129499136
Suparnas-MacBook-Pro.local,19588,2017-08-08,22:06:19,0.0,314M+,MATLAB,2017-08-08,22:07:01.138,2017-08-08,22:07:04.969,196608000,pstep-5,196608000
Suparnas-MacBook-Pro.local,19588,2017-08-08,22:06:19,0.0,314M,MATLAB,2017-08-08,22:06:41.076,2017-08-08,22:06:51.057,129499136,pstep-1,143654912
Suparnas-MacBook-Pro.local,19588,2017-08-08,22:06:19,0.0,314M,MATLAB,2017-08-08,22:06:51.079,2017-08-08,22:06:54.130,129499136,pstep-2,129499136
Suparnas-MacBook-Pro.local,19588,2017-08-08,22:06:19,0.0,314M,MATLAB,2017-08-08,22:06:54.136,2017-08-08,22:06:57.781,129499136,pstep-3,129499136
Suparnas-MacBook-Pro.local,19588,2017-08-08,22:06:19,0.0,314M,MATLAB,2017-08-08,22:06:57.796,2017-08-08,22:07:01.134,196608000,pstep-4,129499136
Suparnas-MacBook-Pro.local,19588,2017-08-08,22:06:19,0.0,314M,MATLAB,2017-08-08,22:07:01.138,2017-08-08,22:07:04.969,196608000,pstep-5,196608000
Suparnas-MacBook-Pro.local,19588,2017-08-08,22:06:22,0.0,315M+,MATLAB,2017-08-08,22:06:41.076,2017-08-08,22:06:51.057,129499136,pstep-1,143654912
Suparnas-MacBook-Pro.local,19588,2017-08-08,22:06:22,0.0,315M+,MATLAB,2017-08-08,22:06:51.079,2017-08-08,22:06:54.130,129499136,pstep-2,129499136
Suparnas-MacBook-Pro.local,19588,2017-08-08,22:06:22,0.0,315M+,MATLAB,2017-08-08,22:06:54.136,2017-08-08,22:06:57.781,129499136,pstep-3,129499136
Suparnas-MacBook-Pro.local,19588,2017-08-08,22:06:22,0.0,315M+,MATLAB,2017-08-08,22:06:57.796,2017-08-08,22:07:01.134,196608000,pstep-4,129499136
Suparnas-MacBook-Pro.local,19588,2017-08-08,22:06:22,0.0,315M+,MATLAB,2017-08-08,22:07:01.138,2017-08-08,22:07:04.969,196608000,pstep-5,196608000
Suparnas-MacBook-Pro.local,19588,2017-08-08,22:06:22,0.1,315M,MATLAB,2017-08-08,22:06:41.076,2017-08-08,22:06:51.057,129499136,pstep-1,143654912
Suparnas-MacBook-Pro.local,19588,2017-08-08,22:06:22,0.1,315M,MATLAB,2017-08-08,22:06:51.079,2017-08-08,22:06:54.130,129499136,pstep-2,129499136
Suparnas-MacBook-Pro.local,19588,2017-08-08,22:06:22,0.1,315M,MATLAB,2017-08-08,22:06:54.136,2017-08-08,22:06:57.781,129499136,pstep-3,129499136
Suparnas-MacBook-Pro.local,19588,2017-08-08,22:06:22,0.1,315M,MATLAB,2017-08-08,22:06:57.796,2017-08-08,22:07:01.134,196608000,pstep-4,129499136
Suparnas-MacBook-Pro.local,19588,2017-08-08,22:06:22,0.1,315M,MATLAB,2017-08-08,22:07:01.138,2017-08-08,22:07:04.969,196608000,pstep-5,196608000
Suparnas-MacBook-Pro.local,19588,2017-08-08,22:06:24,0.0,315M+,MATLAB,2017-08-08,22:06:41.076,2017-08-08,22:06:51.057,129499136,pstep-1,143654912
Suparnas-MacBook-Pro.local,19588,2017-08-08,22:06:24,0.0,315M+,MATLAB,2017-08-08,22:06:51.079,2017-08-08,22:06:54.130,129499136,pstep-2,129499136
Suparnas-MacBook-Pro.local,19588,2017-08-08,22:06:24,0.0,315M+,MATLAB,2017-08-08,22:06:54.136,2017-08-08,22:06:57.781,129499136,pstep-3,129499136
Suparnas-MacBook-Pro.local,19588,2017-08-08,22:06:24,0.0,315M+,MATLAB,2017-08-08,22:06:57.796,2017-08-08,22:07:01.134,196608000,pstep-4,129499136
Suparnas-MacBook-Pro.local,19588,2017-08-08,22:06:24,0.0,315M+,MATLAB,2017-08-08,22:07:01.138,2017-08-08,22:07:04.969,196608000,pstep-5,196608000
Suparnas-MacBook-Pro.local,19588,2017-08-08,22:06:24,0.1,315M,MATLAB,2017-08-08,22:06:41.076,2017-08-08,22:06:51.057,129499136,pstep-1,143654912
Suparnas-MacBook-Pro.local,19588,2017-08-08,22:06:24,0.1,315M,MATLAB,2017-08-08,22:06:51.079,2017-08-08,22:06:54.130,129499136,pstep-2,129499136
Suparnas-MacBook-Pro.local,19588,2017-08-08,22:06:24,0.1,315M,MATLAB,2017-08-08,22:06:54.136,2017-08-08,22:06:57.781,129499136,pstep-3,129499136
Suparnas-MacBook-Pro.local,19588,2017-08-08,22:06:24,0.1,315M,MATLAB,2017-08-08,22:06:57.796,2017-08-08,22:07:01.134,196608000,pstep-4,129499136
Suparnas-MacBook-Pro.local,19588,2017-08-08,22:06:24,0.1,315M,MATLAB,2017-08-08,22:07:01.138,2017-08-08,22:07:04.969,196608000,pstep-5,196608000
Suparnas-MacBook-Pro.local,19588,2017-08-08,22:06:26,0.0,315M+,MATLAB,2017-08-08,22:06:41.076,2017-08-08,22:06:51.057,129499136,pstep-1,143654912
Suparnas-MacBook-Pro.local,19588,2017-08-08,22:06:26,0.0,315M+,MATLAB,2017-08-08,22:06:51.079,2017-08-08,22:06:54.130,129499136,pstep-2,129499136
Suparnas-MacBook-Pro.local,19588,2017-08-08,22:06:26,0.0,315M+,MATLAB,2017-08-08,22:06:54.136,2017-08-08,22:06:57.781,129499136,pstep-3,129499136
Suparnas-MacBook-Pro.local,19588,2017-08-08,22:06:26,0.0,315M+,MATLAB,2017-08-08,22:06:57.796,2017-08-08,22:07:01.134,196608000,pstep-4,129499136
Suparnas-MacBook-Pro.local,19588,2017-08-08,22:06:26,0.0,315M+,MATLAB,2017-08-08,22:07:01.138,2017-08-08,22:07:04.969,196608000,pstep-5,196608000
Suparnas-MacBook-Pro.local,19588,2017-08-08,22:06:26,0.1,315M,MATLAB,2017-08-08,22:06:41.076,2017-08-08,22:06:51.057,129499136,pstep-1,143654912
Suparnas-MacBook-Pro.local,19588,2017-08-08,22:06:26,0.1,315M,MATLAB,2017-08-08,22:06:51.079,2017-08-08,22:06:54.130,129499136,pstep-2,129499136
Suparnas-MacBook-Pro.local,19588,2017-08-08,22:06:26,0.1,315M,MATLAB,2017-08-08,22:06:54.136,2017-08-08,22:06:57.781,129499136,pstep-3,129499136
Suparnas-MacBook-Pro.local,19588,2017-08-08,22:06:26,0.1,315M,MATLAB,2017-08-08,22:06:57.796,2017-08-08,22:07:01.134,196608000,pstep-4,129499136
Suparnas-MacBook-Pro.local,19588,2017-08-08,22:06:26,0.1,315M,MATLAB,2017-08-08,22:07:01.138,2017-08-08,22:07:04.969,196608000,pstep-5,196608000
Suparnas-MacBook-Pro.local,19588,2017-08-08,22:06:29,0.0,315M+,MATLAB,2017-08-08,22:06:41.076,2017-08-08,22:06:51.057,129499136,pstep-1,143654912
Suparnas-MacBook-Pro.local,19588,2017-08-08,22:06:29,0.0,315M+,MATLAB,2017-08-08,22:06:51.079,2017-08-08,22:06:54.130,129499136,pstep-2,129499136
Suparnas-MacBook-Pro.local,19588,2017-08-08,22:06:29,0.0,315M+,MATLAB,2017-08-08,22:06:54.136,2017-08-08,22:06:57.781,129499136,pstep-3,129499136
Suparnas-MacBook-Pro.local,19588,2017-08-08,22:06:29,0.0,315M+,MATLAB,2017-08-08,22:06:57.796,2017-08-08,22:07:01.134,196608000,pstep-4,129499136
Suparnas-MacBook-Pro.local,19588,2017-08-08,22:06:29,0.0,315M+,MATLAB,2017-08-08,22:07:01.138,2017-08-08,22:07:04.969,196608000,pstep-5,196608000
Suparnas-MacBook-Pro.local,19588,2017-08-08,22:06:29,0.1,315M,MATLAB,2017-08-08,22:06:41.076,2017-08-08,22:06:51.057,129499136,pstep-1,143654912
Suparnas-MacBook-Pro.local,19588,2017-08-08,22:06:29,0.1,315M,MATLAB,2017-08-08,22:06:51.079,2017-08-08,22:06:54.130,129499136,pstep-2,129499136
Suparnas-MacBook-Pro.local,19588,2017-08-08,22:06:29,0.1,315M,MATLAB,2017-08-08,22:06:54.136,2017-08-08,22:06:57.781,129499136,pstep-3,129499136
Suparnas-MacBook-Pro.local,19588,2017-08-08,22:06:29,0.1,315M,MATLAB,2017-08-08,22:06:57.796,2017-08-08,22:07:01.134,196608000,pstep-4,129499136
Suparnas-MacBook-Pro.local,19588,2017-08-08,22:06:29,0.1,315M,MATLAB,2017-08-08,22:07:01.138,2017-08-08,22:07:04.969,196608000,pstep-5,196608000
Suparnas-MacBook-Pro.local,19588,2017-08-08,22:06:31,0.0,315M+,MATLAB,2017-08-08,22:06:41.076,2017-08-08,22:06:51.057,129499136,pstep-1,143654912
Suparnas-MacBook-Pro.local,19588,2017-08-08,22:06:31,0.0,315M+,MATLAB,2017-08-08,22:06:51.079,2017-08-08,22:06:54.130,129499136,pstep-2,129499136
Suparnas-MacBook-Pro.local,19588,2017-08-08,22:06:31,0.0,315M+,MATLAB,2017-08-08,22:06:54.136,2017-08-08,22:06:57.781,129499136,pstep-3,129499136
Suparnas-MacBook-Pro.local,19588,2017-08-08,22:06:31,0.0,315M+,MATLAB,2017-08-08,22:06:57.796,2017-08-08,22:07:01.134,196608000,pstep-4,129499136
Suparnas-MacBook-Pro.local,19588,2017-08-08,22:06:31,0.0,315M+,MATLAB,2017-08-08,22:07:01.138,2017-08-08,22:07:04.969,196608000,pstep-5,196608000
Suparnas-MacBook-Pro.local,19588,2017-08-08,22:06:31,71.8,330M+,MATLAB,2017-08-08,22:06:41.076,2017-08-08,22:06:51.057,129499136,pstep-1,143654912
Suparnas-MacBook-Pro.local,19588,2017-08-08,22:06:31,71.8,330M+,MATLAB,2017-08-08,22:06:51.079,2017-08-08,22:06:54.130,129499136,pstep-2,129499136
Suparnas-MacBook-Pro.local,19588,2017-08-08,22:06:31,71.8,330M+,MATLAB,2017-08-08,22:06:54.136,2017-08-08,22:06:57.781,129499136,pstep-3,129499136
Suparnas-MacBook-Pro.local,19588,2017-08-08,22:06:31,71.8,330M+,MATLAB,2017-08-08,22:06:57.796,2017-08-08,22:07:01.134,196608000,pstep-4,129499136
Suparnas-MacBook-Pro.local,19588,2017-08-08,22:06:31,71.8,330M+,MATLAB,2017-08-08,22:07:01.138,2017-08-08,22:07:04.969,196608000,pstep-5,196608000
Suparnas-MacBook-Pro.local,19588,2017-08-08,22:06:33,0.0,326M+,MATLAB,2017-08-08,22:06:41.076,2017-08-08,22:06:51.057,129499136,pstep-1,143654912
Suparnas-MacBook-Pro.local,19588,2017-08-08,22:06:33,0.0,326M+,MATLAB,2017-08-08,22:06:51.079,2017-08-08,22:06:54.130,129499136,pstep-2,129499136
Suparnas-MacBook-Pro.local,19588,2017-08-08,22:06:33,0.0,326M+,MATLAB,2017-08-08,22:06:54.136,2017-08-08,22:06:57.781,129499136,pstep-3,129499136
Suparnas-MacBook-Pro.local,19588,2017-08-08,22:06:33,0.0,326M+,MATLAB,2017-08-08,22:06:57.796,2017-08-08,22:07:01.134,196608000,pstep-4,129499136
Suparnas-MacBook-Pro.local,19588,2017-08-08,22:06:33,0.0,326M+,MATLAB,2017-08-08,22:07:01.138,2017-08-08,22:07:04.969,196608000,pstep-5,196608000
Suparnas-MacBook-Pro.local,19588,2017-08-08,22:06:33,0.1,326M,MATLAB,2017-08-08,22:06:41.076,2017-08-08,22:06:51.057,129499136,pstep-1,143654912
Suparnas-MacBook-Pro.local,19588,2017-08-08,22:06:33,0.1,326M,MATLAB,2017-08-08,22:06:51.079,2017-08-08,22:06:54.130,129499136,pstep-2,129499136
Suparnas-MacBook-Pro.local,19588,2017-08-08,22:06:33,0.1,326M,MATLAB,2017-08-08,22:06:54.136,2017-08-08,22:06:57.781,129499136,pstep-3,129499136
Suparnas-MacBook-Pro.local,19588,2017-08-08,22:06:33,0.1,326M,MATLAB,2017-08-08,22:06:57.796,2017-08-08,22:07:01.134,196608000,pstep-4,129499136
Suparnas-MacBook-Pro.local,19588,2017-08-08,22:06:33,0.1,326M,MATLAB,2017-08-08,22:07:01.138,2017-08-08,22:07:04.969,196608000,pstep-5,196608000
Suparnas-MacBook-Pro.local,19588,2017-08-08,22:06:35,0.0,326M+,MATLAB,2017-08-08,22:06:41.076,2017-08-08,22:06:51.057,129499136,pstep-1,143654912
Suparnas-MacBook-Pro.local,19588,2017-08-08,22:06:35,0.0,326M+,MATLAB,2017-08-08,22:06:51.079,2017-08-08,22:06:54.130,129499136,pstep-2,129499136
Suparnas-MacBook-Pro.local,19588,2017-08-08,22:06:35,0.0,326M+,MATLAB,2017-08-08,22:06:54.136,2017-08-08,22:06:57.781,129499136,pstep-3,129499136
Suparnas-MacBook-Pro.local,19588,2017-08-08,22:06:35,0.0,326M+,MATLAB,2017-08-08,22:06:57.796,2017-08-08,22:07:01.134,196608000,pstep-4,129499136
Suparnas-MacBook-Pro.local,19588,2017-08-08,22:06:35,0.0,326M+,MATLAB,2017-08-08,22:07:01.138,2017-08-08,22:07:04.969,196608000,pstep-5,196608000
Suparnas-MacBook-Pro.local,19588,2017-08-08,22:06:35,0.1,326M,MATLAB,2017-08-08,22:06:41.076,2017-08-08,22:06:51.057,129499136,pstep-1,143654912
Suparnas-MacBook-Pro.local,19588,2017-08-08,22:06:35,0.1,326M,MATLAB,2017-08-08,22:06:51.079,2017-08-08,22:06:54.130,129499136,pstep-2,129499136
Suparnas-MacBook-Pro.local,19588,2017-08-08,22:06:35,0.1,326M,MATLAB,2017-08-08,22:06:54.136,2017-08-08,22:06:57.781,129499136,pstep-3,129499136
Suparnas-MacBook-Pro.local,19588,2017-08-08,22:06:35,0.1,326M,MATLAB,2017-08-08,22:06:57.796,2017-08-08,22:07:01.134,196608000,pstep-4,129499136
Suparnas-MacBook-Pro.local,19588,2017-08-08,22:06:35,0.1,326M,MATLAB,2017-08-08,22:07:01.138,2017-08-08,22:07:04.969,196608000,pstep-5,196608000
Suparnas-MacBook-Pro.local,19588,2017-08-08,22:06:38,0.0,326M+,MATLAB,2017-08-08,22:06:41.076,2017-08-08,22:06:51.057,129499136,pstep-1,143654912
Suparnas-MacBook-Pro.local,19588,2017-08-08,22:06:38,0.0,326M+,MATLAB,2017-08-08,22:06:51.079,2017-08-08,22:06:54.130,129499136,pstep-2,129499136
Suparnas-MacBook-Pro.local,19588,2017-08-08,22:06:38,0.0,326M+,MATLAB,2017-08-08,22:06:54.136,2017-08-08,22:06:57.781,129499136,pstep-3,129499136
Suparnas-MacBook-Pro.local,19588,2017-08-08,22:06:38,0.0,326M+,MATLAB,2017-08-08,22:06:57.796,2017-08-08,22:07:01.134,196608000,pstep-4,129499136
Suparnas-MacBook-Pro.local,19588,2017-08-08,22:06:38,0.0,326M+,MATLAB,2017-08-08,22:07:01.138,2017-08-08,22:07:04.969,196608000,pstep-5,196608000
Suparnas-MacBook-Pro.local,19588,2017-08-08,22:06:38,0.1,326M,MATLAB,2017-08-08,22:06:41.076,2017-08-08,22:06:51.057,129499136,pstep-1,143654912
Suparnas-MacBook-Pro.local,19588,2017-08-08,22:06:38,0.1,326M,MATLAB,2017-08-08,22:06:51.079,2017-08-08,22:06:54.130,129499136,pstep-2,129499136
Suparnas-MacBook-Pro.local,19588,2017-08-08,22:06:38,0.1,326M,MATLAB,2017-08-08,22:06:54.136,2017-08-08,22:06:57.781,129499136,pstep-3,129499136
Suparnas-MacBook-Pro.local,19588,2017-08-08,22:06:38,0.1,326M,MATLAB,2017-08-08,22:06:57.796,2017-08-08,22:07:01.134,196608000,pstep-4,129499136
Suparnas-MacBook-Pro.local,19588,2017-08-08,22:06:38,0.1,326M,MATLAB,2017-08-08,22:07:01.138,2017-08-08,22:07:04.969,196608000,pstep-5,196608000
Suparnas-MacBook-Pro.local,19588,2017-08-08,22:06:40,0.0,326M+,MATLAB,2017-08-08,22:06:41.076,2017-08-08,22:06:51.057,129499136,pstep-1,143654912
Suparnas-MacBook-Pro.local,19588,2017-08-08,22:06:40,0.0,326M+,MATLAB,2017-08-08,22:06:51.079,2017-08-08,22:06:54.130,129499136,pstep-2,129499136
Suparnas-MacBook-Pro.local,19588,2017-08-08,22:06:40,0.0,326M+,MATLAB,2017-08-08,22:06:54.136,2017-08-08,22:06:57.781,129499136,pstep-3,129499136
Suparnas-MacBook-Pro.local,19588,2017-08-08,22:06:40,0.0,326M+,MATLAB,2017-08-08,22:06:57.796,2017-08-08,22:07:01.134,196608000,pstep-4,129499136
Suparnas-MacBook-Pro.local,19588,2017-08-08,22:06:40,0.0,326M+,MATLAB,2017-08-08,22:07:01.138,2017-08-08,22:07:04.969,196608000,pstep-5,196608000
Suparnas-MacBook-Pro.local,19588,2017-08-08,22:06:40,76.7,344M+,MATLAB,2017-08-08,22:06:41.076,2017-08-08,22:06:51.057,129499136,pstep-1,143654912
Suparnas-MacBook-Pro.local,19588,2017-08-08,22:06:40,76.7,344M+,MATLAB,2017-08-08,22:06:51.079,2017-08-08,22:06:54.130,129499136,pstep-2,129499136
Suparnas-MacBook-Pro.local,19588,2017-08-08,22:06:40,76.7,344M+,MATLAB,2017-08-08,22:06:54.136,2017-08-08,22:06:57.781,129499136,pstep-3,129499136
Suparnas-MacBook-Pro.local,19588,2017-08-08,22:06:40,76.7,344M+,MATLAB,2017-08-08,22:06:57.796,2017-08-08,22:07:01.134,196608000,pstep-4,129499136
Suparnas-MacBook-Pro.local,19588,2017-08-08,22:06:40,76.7,344M+,MATLAB,2017-08-08,22:07:01.138,2017-08-08,22:07:04.969,196608000,pstep-5,196608000
Suparnas-MacBook-Pro.local,19588,2017-08-08,22:06:42,0.0,351M+,MATLAB,2017-08-08,22:06:41.076,2017-08-08,22:06:51.057,129499136,pstep-1,143654912
Suparnas-MacBook-Pro.local,19588,2017-08-08,22:06:42,0.0,351M+,MATLAB,2017-08-08,22:06:51.079,2017-08-08,22:06:54.130,129499136,pstep-2,129499136
Suparnas-MacBook-Pro.local,19588,2017-08-08,22:06:42,0.0,351M+,MATLAB,2017-08-08,22:06:54.136,2017-08-08,22:06:57.781,129499136,pstep-3,129499136
Suparnas-MacBook-Pro.local,19588,2017-08-08,22:06:42,0.0,351M+,MATLAB,2017-08-08,22:06:57.796,2017-08-08,22:07:01.134,196608000,pstep-4,129499136
Suparnas-MacBook-Pro.local,19588,2017-08-08,22:06:42,0.0,351M+,MATLAB,2017-08-08,22:07:01.138,2017-08-08,22:07:04.969,196608000,pstep-5,196608000
Suparnas-MacBook-Pro.local,19588,2017-08-08,22:06:42,77.9,364M+,MATLAB,2017-08-08,22:06:41.076,2017-08-08,22:06:51.057,129499136,pstep-1,143654912
Suparnas-MacBook-Pro.local,19588,2017-08-08,22:06:42,77.9,364M+,MATLAB,2017-08-08,22:06:51.079,2017-08-08,22:06:54.130,129499136,pstep-2,129499136
Suparnas-MacBook-Pro.local,19588,2017-08-08,22:06:42,77.9,364M+,MATLAB,2017-08-08,22:06:54.136,2017-08-08,22:06:57.781,129499136,pstep-3,129499136
Suparnas-MacBook-Pro.local,19588,2017-08-08,22:06:42,77.9,364M+,MATLAB,2017-08-08,22:06:57.796,2017-08-08,22:07:01.134,196608000,pstep-4,129499136
Suparnas-MacBook-Pro.local,19588,2017-08-08,22:06:42,77.9,364M+,MATLAB,2017-08-08,22:07:01.138,2017-08-08,22:07:04.969,196608000,pstep-5,196608000
Suparnas-MacBook-Pro.local,19588,2017-08-08,22:06:45,0.0,377M+,MATLAB,2017-08-08,22:06:41.076,2017-08-08,22:06:51.057,129499136,pstep-1,143654912
Suparnas-MacBook-Pro.local,19588,2017-08-08,22:06:45,0.0,377M+,MATLAB,2017-08-08,22:06:51.079,2017-08-08,22:06:54.130,129499136,pstep-2,129499136
Suparnas-MacBook-Pro.local,19588,2017-08-08,22:06:45,0.0,377M+,MATLAB,2017-08-08,22:06:54.136,2017-08-08,22:06:57.781,129499136,pstep-3,129499136
Suparnas-MacBook-Pro.local,19588,2017-08-08,22:06:45,0.0,377M+,MATLAB,2017-08-08,22:06:57.796,2017-08-08,22:07:01.134,196608000,pstep-4,129499136
Suparnas-MacBook-Pro.local,19588,2017-08-08,22:06:45,0.0,377M+,MATLAB,2017-08-08,22:07:01.138,2017-08-08,22:07:04.969,196608000,pstep-5,196608000
Suparnas-MacBook-Pro.local,19588,2017-08-08,22:06:45,83.6,396M+,MATLAB,2017-08-08,22:06:41.076,2017-08-08,22:06:51.057,129499136,pstep-1,143654912
Suparnas-MacBook-Pro.local,19588,2017-08-08,22:06:45,83.6,396M+,MATLAB,2017-08-08,22:06:51.079,2017-08-08,22:06:54.130,129499136,pstep-2,129499136
Suparnas-MacBook-Pro.local,19588,2017-08-08,22:06:45,83.6,396M+,MATLAB,2017-08-08,22:06:54.136,2017-08-08,22:06:57.781,129499136,pstep-3,129499136
Suparnas-MacBook-Pro.local,19588,2017-08-08,22:06:45,83.6,396M+,MATLAB,2017-08-08,22:06:57.796,2017-08-08,22:07:01.134,196608000,pstep-4,129499136
Suparnas-MacBook-Pro.local,19588,2017-08-08,22:06:45,83.6,396M+,MATLAB,2017-08-08,22:07:01.138,2017-08-08,22:07:04.969,196608000,pstep-5,196608000
Suparnas-MacBook-Pro.local,19588,2017-08-08,22:06:47,0.0,417M+,MATLAB,2017-08-08,22:06:41.076,2017-08-08,22:06:51.057,129499136,pstep-1,143654912
Suparnas-MacBook-Pro.local,19588,2017-08-08,22:06:47,0.0,417M+,MATLAB,2017-08-08,22:06:51.079,2017-08-08,22:06:54.130,129499136,pstep-2,129499136
Suparnas-MacBook-Pro.local,19588,2017-08-08,22:06:47,0.0,417M+,MATLAB,2017-08-08,22:06:54.136,2017-08-08,22:06:57.781,129499136,pstep-3,129499136
Suparnas-MacBook-Pro.local,19588,2017-08-08,22:06:47,0.0,417M+,MATLAB,2017-08-08,22:06:57.796,2017-08-08,22:07:01.134,196608000,pstep-4,129499136
Suparnas-MacBook-Pro.local,19588,2017-08-08,22:06:47,0.0,417M+,MATLAB,2017-08-08,22:07:01.138,2017-08-08,22:07:04.969,196608000,pstep-5,196608000
Suparnas-MacBook-Pro.local,19588,2017-08-08,22:06:47,92.3,434M+,MATLAB,2017-08-08,22:06:41.076,2017-08-08,22:06:51.057,129499136,pstep-1,143654912
Suparnas-MacBook-Pro.local,19588,2017-08-08,22:06:47,92.3,434M+,MATLAB,2017-08-08,22:06:51.079,2017-08-08,22:06:54.130,129499136,pstep-2,129499136
Suparnas-MacBook-Pro.local,19588,2017-08-08,22:06:47,92.3,434M+,MATLAB,2017-08-08,22:06:54.136,2017-08-08,22:06:57.781,129499136,pstep-3,129499136
Suparnas-MacBook-Pro.local,19588,2017-08-08,22:06:47,92.3,434M+,MATLAB,2017-08-08,22:06:57.796,2017-08-08,22:07:01.134,196608000,pstep-4,129499136
Suparnas-MacBook-Pro.local,19588,2017-08-08,22:06:47,92.3,434M+,MATLAB,2017-08-08,22:07:01.138,2017-08-08,22:07:04.969,196608000,pstep-5,196608000
Suparnas-MacBook-Pro.local,19588,2017-08-08,22:06:49,0.0,429M+,MATLAB,2017-08-08,22:06:41.076,2017-08-08,22:06:51.057,129499136,pstep-1,143654912
Suparnas-MacBook-Pro.local,19588,2017-08-08,22:06:49,0.0,429M+,MATLAB,2017-08-08,22:06:51.079,2017-08-08,22:06:54.130,129499136,pstep-2,129499136
Suparnas-MacBook-Pro.local,19588,2017-08-08,22:06:49,0.0,429M+,MATLAB,2017-08-08,22:06:54.136,2017-08-08,22:06:57.781,129499136,pstep-3,129499136
Suparnas-MacBook-Pro.local,19588,2017-08-08,22:06:49,0.0,429M+,MATLAB,2017-08-08,22:06:57.796,2017-08-08,22:07:01.134,196608000,pstep-4,129499136
Suparnas-MacBook-Pro.local,19588,2017-08-08,22:06:49,0.0,429M+,MATLAB,2017-08-08,22:07:01.138,2017-08-08,22:07:04.969,196608000,pstep-5,196608000
Suparnas-MacBook-Pro.local,19588,2017-08-08,22:06:49,90.4,435M+,MATLAB,2017-08-08,22:06:41.076,2017-08-08,22:06:51.057,129499136,pstep-1,143654912
Suparnas-MacBook-Pro.local,19588,2017-08-08,22:06:49,90.4,435M+,MATLAB,2017-08-08,22:06:51.079,2017-08-08,22:06:54.130,129499136,pstep-2,129499136
Suparnas-MacBook-Pro.local,19588,2017-08-08,22:06:49,90.4,435M+,MATLAB,2017-08-08,22:06:54.136,2017-08-08,22:06:57.781,129499136,pstep-3,129499136
Suparnas-MacBook-Pro.local,19588,2017-08-08,22:06:49,90.4,435M+,MATLAB,2017-08-08,22:06:57.796,2017-08-08,22:07:01.134,196608000,pstep-4,129499136
Suparnas-MacBook-Pro.local,19588,2017-08-08,22:06:49,90.4,435M+,MATLAB,2017-08-08,22:07:01.138,2017-08-08,22:07:04.969,196608000,pstep-5,196608000
Suparnas-MacBook-Pro.local,19588,2017-08-08,22:06:52,0.0,445M+,MATLAB,2017-08-08,22:06:41.076,2017-08-08,22:06:51.057,129499136,pstep-1,143654912
Suparnas-MacBook-Pro.local,19588,2017-08-08,22:06:52,0.0,445M+,MATLAB,2017-08-08,22:06:51.079,2017-08-08,22:06:54.130,129499136,pstep-2,129499136
Suparnas-MacBook-Pro.local,19588,2017-08-08,22:06:52,0.0,445M+,MATLAB,2017-08-08,22:06:54.136,2017-08-08,22:06:57.781,129499136,pstep-3,129499136
Suparnas-MacBook-Pro.local,19588,2017-08-08,22:06:52,0.0,445M+,MATLAB,2017-08-08,22:06:57.796,2017-08-08,22:07:01.134,196608000,pstep-4,129499136
Suparnas-MacBook-Pro.local,19588,2017-08-08,22:06:52,0.0,445M+,MATLAB,2017-08-08,22:07:01.138,2017-08-08,22:07:04.969,196608000,pstep-5,196608000
Suparnas-MacBook-Pro.local,19588,2017-08-08,22:06:52,97.1,445M-,MATLAB,2017-08-08,22:06:41.076,2017-08-08,22:06:51.057,129499136,pstep-1,143654912
Suparnas-MacBook-Pro.local,19588,2017-08-08,22:06:52,97.1,445M-,MATLAB,2017-08-08,22:06:51.079,2017-08-08,22:06:54.130,129499136,pstep-2,129499136
Suparnas-MacBook-Pro.local,19588,2017-08-08,22:06:52,97.1,445M-,MATLAB,2017-08-08,22:06:54.136,2017-08-08,22:06:57.781,129499136,pstep-3,129499136
Suparnas-MacBook-Pro.local,19588,2017-08-08,22:06:52,97.1,445M-,MATLAB,2017-08-08,22:06:57.796,2017-08-08,22:07:01.134,196608000,pstep-4,129499136
Suparnas-MacBook-Pro.local,19588,2017-08-08,22:06:52,97.1,445M-,MATLAB,2017-08-08,22:07:01.138,2017-08-08,22:07:04.969,196608000,pstep-5,196608000
Suparnas-MacBook-Pro.local,19588,2017-08-08,22:06:54,0.0,448M+,MATLAB,2017-08-08,22:06:41.076,2017-08-08,22:06:51.057,129499136,pstep-1,143654912
Suparnas-MacBook-Pro.local,19588,2017-08-08,22:06:54,0.0,448M+,MATLAB,2017-08-08,22:06:51.079,2017-08-08,22:06:54.130,129499136,pstep-2,129499136
Suparnas-MacBook-Pro.local,19588,2017-08-08,22:06:54,0.0,448M+,MATLAB,2017-08-08,22:06:54.136,2017-08-08,22:06:57.781,129499136,pstep-3,129499136
Suparnas-MacBook-Pro.local,19588,2017-08-08,22:06:54,0.0,448M+,MATLAB,2017-08-08,22:06:57.796,2017-08-08,22:07:01.134,196608000,pstep-4,129499136
Suparnas-MacBook-Pro.local,19588,2017-08-08,22:06:54,0.0,448M+,MATLAB,2017-08-08,22:07:01.138,2017-08-08,22:07:04.969,196608000,pstep-5,196608000
Suparnas-MacBook-Pro.local,19588,2017-08-08,22:06:54,87.8,454M+,MATLAB,2017-08-08,22:06:41.076,2017-08-08,22:06:51.057,129499136,pstep-1,143654912
Suparnas-MacBook-Pro.local,19588,2017-08-08,22:06:54,87.8,454M+,MATLAB,2017-08-08,22:06:51.079,2017-08-08,22:06:54.130,129499136,pstep-2,129499136
Suparnas-MacBook-Pro.local,19588,2017-08-08,22:06:54,87.8,454M+,MATLAB,2017-08-08,22:06:54.136,2017-08-08,22:06:57.781,129499136,pstep-3,129499136
Suparnas-MacBook-Pro.local,19588,2017-08-08,22:06:54,87.8,454M+,MATLAB,2017-08-08,22:06:57.796,2017-08-08,22:07:01.134,196608000,pstep-4,129499136
Suparnas-MacBook-Pro.local,19588,2017-08-08,22:06:54,87.8,454M+,MATLAB,2017-08-08,22:07:01.138,2017-08-08,22:07:04.969,196608000,pstep-5,196608000
Suparnas-MacBook-Pro.local,19588,2017-08-08,22:06:56,0.0,457M+,MATLAB,2017-08-08,22:06:41.076,2017-08-08,22:06:51.057,129499136,pstep-1,143654912
Suparnas-MacBook-Pro.local,19588,2017-08-08,22:06:56,0.0,457M+,MATLAB,2017-08-08,22:06:51.079,2017-08-08,22:06:54.130,129499136,pstep-2,129499136
Suparnas-MacBook-Pro.local,19588,2017-08-08,22:06:56,0.0,457M+,MATLAB,2017-08-08,22:06:54.136,2017-08-08,22:06:57.781,129499136,pstep-3,129499136
Suparnas-MacBook-Pro.local,19588,2017-08-08,22:06:56,0.0,457M+,MATLAB,2017-08-08,22:06:57.796,2017-08-08,22:07:01.134,196608000,pstep-4,129499136
Suparnas-MacBook-Pro.local,19588,2017-08-08,22:06:56,0.0,457M+,MATLAB,2017-08-08,22:07:01.138,2017-08-08,22:07:04.969,196608000,pstep-5,196608000
Suparnas-MacBook-Pro.local,19588,2017-08-08,22:06:56,82.8,453M-,MATLAB,2017-08-08,22:06:41.076,2017-08-08,22:06:51.057,129499136,pstep-1,143654912
Suparnas-MacBook-Pro.local,19588,2017-08-08,22:06:56,82.8,453M-,MATLAB,2017-08-08,22:06:51.079,2017-08-08,22:06:54.130,129499136,pstep-2,129499136
Suparnas-MacBook-Pro.local,19588,2017-08-08,22:06:56,82.8,453M-,MATLAB,2017-08-08,22:06:54.136,2017-08-08,22:06:57.781,129499136,pstep-3,129499136
Suparnas-MacBook-Pro.local,19588,2017-08-08,22:06:56,82.8,453M-,MATLAB,2017-08-08,22:06:57.796,2017-08-08,22:07:01.134,196608000,pstep-4,129499136
Suparnas-MacBook-Pro.local,19588,2017-08-08,22:06:56,82.8,453M-,MATLAB,2017-08-08,22:07:01.138,2017-08-08,22:07:04.969,196608000,pstep-5,196608000
Suparnas-MacBook-Pro.local,19588,2017-08-08,22:06:59,0.0,528M+,MATLAB,2017-08-08,22:06:41.076,2017-08-08,22:06:51.057,129499136,pstep-1,143654912
Suparnas-MacBook-Pro.local,19588,2017-08-08,22:06:59,0.0,528M+,MATLAB,2017-08-08,22:06:51.079,2017-08-08,22:06:54.130,129499136,pstep-2,129499136
Suparnas-MacBook-Pro.local,19588,2017-08-08,22:06:59,0.0,528M+,MATLAB,2017-08-08,22:06:54.136,2017-08-08,22:06:57.781,129499136,pstep-3,129499136
Suparnas-MacBook-Pro.local,19588,2017-08-08,22:06:59,0.0,528M+,MATLAB,2017-08-08,22:06:57.796,2017-08-08,22:07:01.134,196608000,pstep-4,129499136
Suparnas-MacBook-Pro.local,19588,2017-08-08,22:06:59,0.0,528M+,MATLAB,2017-08-08,22:07:01.138,2017-08-08,22:07:04.969,196608000,pstep-5,196608000
Suparnas-MacBook-Pro.local,19588,2017-08-08,22:06:59,94.9,528M+,MATLAB,2017-08-08,22:06:41.076,2017-08-08,22:06:51.057,129499136,pstep-1,143654912
Suparnas-MacBook-Pro.local,19588,2017-08-08,22:06:59,94.9,528M+,MATLAB,2017-08-08,22:06:51.079,2017-08-08,22:06:54.130,129499136,pstep-2,129499136
Suparnas-MacBook-Pro.local,19588,2017-08-08,22:06:59,94.9,528M+,MATLAB,2017-08-08,22:06:54.136,2017-08-08,22:06:57.781,129499136,pstep-3,129499136
Suparnas-MacBook-Pro.local,19588,2017-08-08,22:06:59,94.9,528M+,MATLAB,2017-08-08,22:06:57.796,2017-08-08,22:07:01.134,196608000,pstep-4,129499136
Suparnas-MacBook-Pro.local,19588,2017-08-08,22:06:59,94.9,528M+,MATLAB,2017-08-08,22:07:01.138,2017-08-08,22:07:04.969,196608000,pstep-5,196608000
Suparnas-MacBook-Pro.local,19588,2017-08-08,22:07:01,0.0,523M+,MATLAB,2017-08-08,22:06:41.076,2017-08-08,22:06:51.057,129499136,pstep-1,143654912
Suparnas-MacBook-Pro.local,19588,2017-08-08,22:07:01,0.0,523M+,MATLAB,2017-08-08,22:06:51.079,2017-08-08,22:06:54.130,129499136,pstep-2,129499136
Suparnas-MacBook-Pro.local,19588,2017-08-08,22:07:01,0.0,523M+,MATLAB,2017-08-08,22:06:54.136,2017-08-08,22:06:57.781,129499136,pstep-3,129499136
Suparnas-MacBook-Pro.local,19588,2017-08-08,22:07:01,0.0,523M+,MATLAB,2017-08-08,22:06:57.796,2017-08-08,22:07:01.134,196608000,pstep-4,129499136
Suparnas-MacBook-Pro.local,19588,2017-08-08,22:07:01,0.0,523M+,MATLAB,2017-08-08,22:07:01.138,2017-08-08,22:07:04.969,196608000,pstep-5,196608000
Suparnas-MacBook-Pro.local,19588,2017-08-08,22:07:01,91.6,539M+,MATLAB,2017-08-08,22:06:41.076,2017-08-08,22:06:51.057,129499136,pstep-1,143654912
Suparnas-MacBook-Pro.local,19588,2017-08-08,22:07:01,91.6,539M+,MATLAB,2017-08-08,22:06:51.079,2017-08-08,22:06:54.130,129499136,pstep-2,129499136
Suparnas-MacBook-Pro.local,19588,2017-08-08,22:07:01,91.6,539M+,MATLAB,2017-08-08,22:06:54.136,2017-08-08,22:06:57.781,129499136,pstep-3,129499136
Suparnas-MacBook-Pro.local,19588,2017-08-08,22:07:01,91.6,539M+,MATLAB,2017-08-08,22:06:57.796,2017-08-08,22:07:01.134,196608000,pstep-4,129499136
Suparnas-MacBook-Pro.local,19588,2017-08-08,22:07:01,91.6,539M+,MATLAB,2017-08-08,22:07:01.138,2017-08-08,22:07:04.969,196608000,pstep-5,196608000
Suparnas-MacBook-Pro.local,19588,2017-08-08,22:07:03,0.0,529M+,MATLAB,2017-08-08,22:06:41.076,2017-08-08,22:06:51.057,129499136,pstep-1,143654912
Suparnas-MacBook-Pro.local,19588,2017-08-08,22:07:03,0.0,529M+,MATLAB,2017-08-08,22:06:51.079,2017-08-08,22:06:54.130,129499136,pstep-2,129499136
Suparnas-MacBook-Pro.local,19588,2017-08-08,22:07:03,0.0,529M+,MATLAB,2017-08-08,22:06:54.136,2017-08-08,22:06:57.781,129499136,pstep-3,129499136
Suparnas-MacBook-Pro.local,19588,2017-08-08,22:07:03,0.0,529M+,MATLAB,2017-08-08,22:06:57.796,2017-08-08,22:07:01.134,196608000,pstep-4,129499136
Suparnas-MacBook-Pro.local,19588,2017-08-08,22:07:03,0.0,529M+,MATLAB,2017-08-08,22:07:01.138,2017-08-08,22:07:04.969,196608000,pstep-5,196608000
Suparnas-MacBook-Pro.local,19588,2017-08-08,22:07:03,87.4,526M-,MATLAB,2017-08-08,22:06:41.076,2017-08-08,22:06:51.057,129499136,pstep-1,143654912
Suparnas-MacBook-Pro.local,19588,2017-08-08,22:07:03,87.4,526M-,MATLAB,2017-08-08,22:06:51.079,2017-08-08,22:06:54.130,129499136,pstep-2,129499136
Suparnas-MacBook-Pro.local,19588,2017-08-08,22:07:03,87.4,526M-,MATLAB,2017-08-08,22:06:54.136,2017-08-08,22:06:57.781,129499136,pstep-3,129499136
Suparnas-MacBook-Pro.local,19588,2017-08-08,22:07:03,87.4,526M-,MATLAB,2017-08-08,22:06:57.796,2017-08-08,22:07:01.134,196608000,pstep-4,129499136
Suparnas-MacBook-Pro.local,19588,2017-08-08,22:07:03,87.4,526M-,MATLAB,2017-08-08,22:07:01.138,2017-08-08,22:07:04.969,196608000,pstep-5,196608000
Suparnas-MacBook-Pro.local,19588,2017-08-08,22:07:06,0.0,568M+,MATLAB,2017-08-08,22:06:41.076,2017-08-08,22:06:51.057,129499136,pstep-1,143654912
Suparnas-MacBook-Pro.local,19588,2017-08-08,22:07:06,0.0,568M+,MATLAB,2017-08-08,22:06:51.079,2017-08-08,22:06:54.130,129499136,pstep-2,129499136
Suparnas-MacBook-Pro.local,19588,2017-08-08,22:07:06,0.0,568M+,MATLAB,2017-08-08,22:06:54.136,2017-08-08,22:06:57.781,129499136,pstep-3,129499136
Suparnas-MacBook-Pro.local,19588,2017-08-08,22:07:06,0.0,568M+,MATLAB,2017-08-08,22:06:57.796,2017-08-08,22:07:01.134,196608000,pstep-4,129499136
Suparnas-MacBook-Pro.local,19588,2017-08-08,22:07:06,0.0,568M+,MATLAB,2017-08-08,22:07:01.138,2017-08-08,22:07:04.969,196608000,pstep-5,196608000
Suparnas-MacBook-Pro.local,19588,2017-08-08,22:07:06,75.3,569M+,MATLAB,2017-08-08,22:06:41.076,2017-08-08,22:06:51.057,129499136,pstep-1,143654912
Suparnas-MacBook-Pro.local,19588,2017-08-08,22:07:06,75.3,569M+,MATLAB,2017-08-08,22:06:51.079,2017-08-08,22:06:54.130,129499136,pstep-2,129499136
Suparnas-MacBook-Pro.local,19588,2017-08-08,22:07:06,75.3,569M+,MATLAB,2017-08-08,22:06:54.136,2017-08-08,22:06:57.781,129499136,pstep-3,129499136
Suparnas-MacBook-Pro.local,19588,2017-08-08,22:07:06,75.3,569M+,MATLAB,2017-08-08,22:06:57.796,2017-08-08,22:07:01.134,196608000,pstep-4,129499136
Suparnas-MacBook-Pro.local,19588,2017-08-08,22:07:06,75.3,569M+,MATLAB,2017-08-08,22:07:01.138,2017-08-08,22:07:04.969,196608000,pstep-5,196608000
Suparnas-MacBook-Pro.local,19588,2017-08-08,22:07:08,0.0,580M+,MATLAB,2017-08-08,22:06:41.076,2017-08-08,22:06:51.057,129499136,pstep-1,143654912
Suparnas-MacBook-Pro.local,19588,2017-08-08,22:07:08,0.0,580M+,MATLAB,2017-08-08,22:06:51.079,2017-08-08,22:06:54.130,129499136,pstep-2,129499136
Suparnas-MacBook-Pro.local,19588,2017-08-08,22:07:08,0.0,580M+,MATLAB,2017-08-08,22:06:54.136,2017-08-08,22:06:57.781,129499136,pstep-3,129499136
Suparnas-MacBook-Pro.local,19588,2017-08-08,22:07:08,0.0,580M+,MATLAB,2017-08-08,22:06:57.796,2017-08-08,22:07:01.134,196608000,pstep-4,129499136
Suparnas-MacBook-Pro.local,19588,2017-08-08,22:07:08,0.0,580M+,MATLAB,2017-08-08,22:07:01.138,2017-08-08,22:07:04.969,196608000,pstep-5,196608000
Suparnas-MacBook-Pro.local,19588,2017-08-08,22:07:08,91.7,572M-,MATLAB,2017-08-08,22:06:41.076,2017-08-08,22:06:51.057,129499136,pstep-1,143654912
Suparnas-MacBook-Pro.local,19588,2017-08-08,22:07:08,91.7,572M-,MATLAB,2017-08-08,22:06:51.079,2017-08-08,22:06:54.130,129499136,pstep-2,129499136
Suparnas-MacBook-Pro.local,19588,2017-08-08,22:07:08,91.7,572M-,MATLAB,2017-08-08,22:06:54.136,2017-08-08,22:06:57.781,129499136,pstep-3,129499136
Suparnas-MacBook-Pro.local,19588,2017-08-08,22:07:08,91.7,572M-,MATLAB,2017-08-08,22:06:57.796,2017-08-08,22:07:01.134,196608000,pstep-4,129499136
Suparnas-MacBook-Pro.local,19588,2017-08-08,22:07:08,91.7,572M-,MATLAB,2017-08-08,22:07:01.138,2017-08-08,22:07:04.969,196608000,pstep-5,196608000
Suparnas-MacBook-Pro.local,19588,2017-08-08,22:07:11,0.0,573M+,MATLAB,2017-08-08,22:06:41.076,2017-08-08,22:06:51.057,129499136,pstep-1,143654912
Suparnas-MacBook-Pro.local,19588,2017-08-08,22:07:11,0.0,573M+,MATLAB,2017-08-08,22:06:51.079,2017-08-08,22:06:54.130,129499136,pstep-2,129499136
Suparnas-MacBook-Pro.local,19588,2017-08-08,22:07:11,0.0,573M+,MATLAB,2017-08-08,22:06:54.136,2017-08-08,22:06:57.781,129499136,pstep-3,129499136
Suparnas-MacBook-Pro.local,19588,2017-08-08,22:07:11,0.0,573M+,MATLAB,2017-08-08,22:06:57.796,2017-08-08,22:07:01.134,196608000,pstep-4,129499136
Suparnas-MacBook-Pro.local,19588,2017-08-08,22:07:11,0.0,573M+,MATLAB,2017-08-08,22:07:01.138,2017-08-08,22:07:04.969,196608000,pstep-5,196608000
Suparnas-MacBook-Pro.local,19588,2017-08-08,22:07:11,81.0,565M-,MATLAB,2017-08-08,22:06:41.076,2017-08-08,22:06:51.057,129499136,pstep-1,143654912
Suparnas-MacBook-Pro.local,19588,2017-08-08,22:07:11,81.0,565M-,MATLAB,2017-08-08,22:06:51.079,2017-08-08,22:06:54.130,129499136,pstep-2,129499136
Suparnas-MacBook-Pro.local,19588,2017-08-08,22:07:11,81.0,565M-,MATLAB,2017-08-08,22:06:54.136,2017-08-08,22:06:57.781,129499136,pstep-3,129499136
Suparnas-MacBook-Pro.local,19588,2017-08-08,22:07:11,81.0,565M-,MATLAB,2017-08-08,22:06:57.796,2017-08-08,22:07:01.134,196608000,pstep-4,129499136
Suparnas-MacBook-Pro.local,19588,2017-08-08,22:07:11,81.0,565M-,MATLAB,2017-08-08,22:07:01.138,2017-08-08,22:07:04.969,196608000,pstep-5,196608000
Suparnas-MacBook-Pro.local,19588,2017-08-08,22:07:13,0.0,569M+,MATLAB,2017-08-08,22:06:41.076,2017-08-08,22:06:51.057,129499136,pstep-1,143654912
Suparnas-MacBook-Pro.local,19588,2017-08-08,22:07:13,0.0,569M+,MATLAB,2017-08-08,22:06:51.079,2017-08-08,22:06:54.130,129499136,pstep-2,129499136
Suparnas-MacBook-Pro.local,19588,2017-08-08,22:07:13,0.0,569M+,MATLAB,2017-08-08,22:06:54.136,2017-08-08,22:06:57.781,129499136,pstep-3,129499136
Suparnas-MacBook-Pro.local,19588,2017-08-08,22:07:13,0.0,569M+,MATLAB,2017-08-08,22:06:57.796,2017-08-08,22:07:01.134,196608000,pstep-4,129499136
Suparnas-MacBook-Pro.local,19588,2017-08-08,22:07:13,0.0,569M+,MATLAB,2017-08-08,22:07:01.138,2017-08-08,22:07:04.969,196608000,pstep-5,196608000
Suparnas-MacBook-Pro.local,19588,2017-08-08,22:07:13,77.9,571M+,MATLAB,2017-08-08,22:06:41.076,2017-08-08,22:06:51.057,129499136,pstep-1,143654912
Suparnas-MacBook-Pro.local,19588,2017-08-08,22:07:13,77.9,571M+,MATLAB,2017-08-08,22:06:51.079,2017-08-08,22:06:54.130,129499136,pstep-2,129499136
Suparnas-MacBook-Pro.local,19588,2017-08-08,22:07:13,77.9,571M+,MATLAB,2017-08-08,22:06:54.136,2017-08-08,22:06:57.781,129499136,pstep-3,129499136
Suparnas-MacBook-Pro.local,19588,2017-08-08,22:07:13,77.9,571M+,MATLAB,2017-08-08,22:06:57.796,2017-08-08,22:07:01.134,196608000,pstep-4,129499136
Suparnas-MacBook-Pro.local,19588,2017-08-08,22:07:13,77.9,571M+,MATLAB,2017-08-08,22:07:01.138,2017-08-08,22:07:04.969,196608000,pstep-5,196608000
Suparnas-MacBook-Pro.local,19588,2017-08-08,22:07:15,0.0,573M+,MATLAB,2017-08-08,22:06:41.076,2017-08-08,22:06:51.057,129499136,pstep-1,143654912
Suparnas-MacBook-Pro.local,19588,2017-08-08,22:07:15,0.0,573M+,MATLAB,2017-08-08,22:06:51.079,2017-08-08,22:06:54.130,129499136,pstep-2,129499136
Suparnas-MacBook-Pro.local,19588,2017-08-08,22:07:15,0.0,573M+,MATLAB,2017-08-08,22:06:54.136,2017-08-08,22:06:57.781,129499136,pstep-3,129499136
Suparnas-MacBook-Pro.local,19588,2017-08-08,22:07:15,0.0,573M+,MATLAB,2017-08-08,22:06:57.796,2017-08-08,22:07:01.134,196608000,pstep-4,129499136
Suparnas-MacBook-Pro.local,19588,2017-08-08,22:07:15,0.0,573M+,MATLAB,2017-08-08,22:07:01.138,2017-08-08,22:07:04.969,196608000,pstep-5,196608000
Suparnas-MacBook-Pro.local,19588,2017-08-08,22:07:15,91.8,565M-,MATLAB,2017-08-08,22:06:41.076,2017-08-08,22:06:51.057,129499136,pstep-1,143654912
Suparnas-MacBook-Pro.local,19588,2017-08-08,22:07:15,91.8,565M-,MATLAB,2017-08-08,22:06:51.079,2017-08-08,22:06:54.130,129499136,pstep-2,129499136
Suparnas-MacBook-Pro.local,19588,2017-08-08,22:07:15,91.8,565M-,MATLAB,2017-08-08,22:06:54.136,2017-08-08,22:06:57.781,129499136,pstep-3,129499136
Suparnas-MacBook-Pro.local,19588,2017-08-08,22:07:15,91.8,565M-,MATLAB,2017-08-08,22:06:57.796,2017-08-08,22:07:01.134,196608000,pstep-4,129499136
Suparnas-MacBook-Pro.local,19588,2017-08-08,22:07:15,91.8,565M-,MATLAB,2017-08-08,22:07:01.138,2017-08-08,22:07:04.969,196608000,pstep-5,196608000
Suparnas-MacBook-Pro.local,19588,2017-08-08,22:07:18,0.0,570M+,MATLAB,2017-08-08,22:06:41.076,2017-08-08,22:06:51.057,129499136,pstep-1,143654912
Suparnas-MacBook-Pro.local,19588,2017-08-08,22:07:18,0.0,570M+,MATLAB,2017-08-08,22:06:51.079,2017-08-08,22:06:54.130,129499136,pstep-2,129499136
Suparnas-MacBook-Pro.local,19588,2017-08-08,22:07:18,0.0,570M+,MATLAB,2017-08-08,22:06:54.136,2017-08-08,22:06:57.781,129499136,pstep-3,129499136
Suparnas-MacBook-Pro.local,19588,2017-08-08,22:07:18,0.0,570M+,MATLAB,2017-08-08,22:06:57.796,2017-08-08,22:07:01.134,196608000,pstep-4,129499136
Suparnas-MacBook-Pro.local,19588,2017-08-08,22:07:18,0.0,570M+,MATLAB,2017-08-08,22:07:01.138,2017-08-08,22:07:04.969,196608000,pstep-5,196608000
Suparnas-MacBook-Pro.local,19588,2017-08-08,22:07:18,89.5,575M+,MATLAB,2017-08-08,22:06:41.076,2017-08-08,22:06:51.057,129499136,pstep-1,143654912
Suparnas-MacBook-Pro.local,19588,2017-08-08,22:07:18,89.5,575M+,MATLAB,2017-08-08,22:06:51.079,2017-08-08,22:06:54.130,129499136,pstep-2,129499136
Suparnas-MacBook-Pro.local,19588,2017-08-08,22:07:18,89.5,575M+,MATLAB,2017-08-08,22:06:54.136,2017-08-08,22:06:57.781,129499136,pstep-3,129499136
Suparnas-MacBook-Pro.local,19588,2017-08-08,22:07:18,89.5,575M+,MATLAB,2017-08-08,22:06:57.796,2017-08-08,22:07:01.134,196608000,pstep-4,129499136
Suparnas-MacBook-Pro.local,19588,2017-08-08,22:07:18,89.5,575M+,MATLAB,2017-08-08,22:07:01.138,2017-08-08,22:07:04.969,196608000,pstep-5,196608000
Suparnas-MacBook-Pro.local,19588,2017-08-08,22:07:20,0.0,568M+,MATLAB,2017-08-08,22:06:41.076,2017-08-08,22:06:51.057,129499136,pstep-1,143654912
Suparnas-MacBook-Pro.local,19588,2017-08-08,22:07:20,0.0,568M+,MATLAB,2017-08-08,22:06:51.079,2017-08-08,22:06:54.130,129499136,pstep-2,129499136
Suparnas-MacBook-Pro.local,19588,2017-08-08,22:07:20,0.0,568M+,MATLAB,2017-08-08,22:06:54.136,2017-08-08,22:06:57.781,129499136,pstep-3,129499136
Suparnas-MacBook-Pro.local,19588,2017-08-08,22:07:20,0.0,568M+,MATLAB,2017-08-08,22:06:57.796,2017-08-08,22:07:01.134,196608000,pstep-4,129499136
Suparnas-MacBook-Pro.local,19588,2017-08-08,22:07:20,0.0,568M+,MATLAB,2017-08-08,22:07:01.138,2017-08-08,22:07:04.969,196608000,pstep-5,196608000
Suparnas-MacBook-Pro.local,19588,2017-08-08,22:07:20,91.8,557M-,MATLAB,2017-08-08,22:06:41.076,2017-08-08,22:06:51.057,129499136,pstep-1,143654912
Suparnas-MacBook-Pro.local,19588,2017-08-08,22:07:20,91.8,557M-,MATLAB,2017-08-08,22:06:51.079,2017-08-08,22:06:54.130,129499136,pstep-2,129499136
Suparnas-MacBook-Pro.local,19588,2017-08-08,22:07:20,91.8,557M-,MATLAB,2017-08-08,22:06:54.136,2017-08-08,22:06:57.781,129499136,pstep-3,129499136
Suparnas-MacBook-Pro.local,19588,2017-08-08,22:07:20,91.8,557M-,MATLAB,2017-08-08,22:06:57.796,2017-08-08,22:07:01.134,196608000,pstep-4,129499136
Suparnas-MacBook-Pro.local,19588,2017-08-08,22:07:20,91.8,557M-,MATLAB,2017-08-08,22:07:01.138,2017-08-08,22:07:04.969,196608000,pstep-5,196608000
Suparnas-MacBook-Pro.local,19588,2017-08-08,22:07:22,0.0,554M+,MATLAB,2017-08-08,22:06:41.076,2017-08-08,22:06:51.057,129499136,pstep-1,143654912
Suparnas-MacBook-Pro.local,19588,2017-08-08,22:07:22,0.0,554M+,MATLAB,2017-08-08,22:06:51.079,2017-08-08,22:06:54.130,129499136,pstep-2,129499136
Suparnas-MacBook-Pro.local,19588,2017-08-08,22:07:22,0.0,554M+,MATLAB,2017-08-08,22:06:54.136,2017-08-08,22:06:57.781,129499136,pstep-3,129499136
Suparnas-MacBook-Pro.local,19588,2017-08-08,22:07:22,0.0,554M+,MATLAB,2017-08-08,22:06:57.796,2017-08-08,22:07:01.134,196608000,pstep-4,129499136
Suparnas-MacBook-Pro.local,19588,2017-08-08,22:07:22,0.0,554M+,MATLAB,2017-08-08,22:07:01.138,2017-08-08,22:07:04.969,196608000,pstep-5,196608000
Suparnas-MacBook-Pro.local,19588,2017-08-08,22:07:22,89.9,555M+,MATLAB,2017-08-08,22:06:41.076,2017-08-08,22:06:51.057,129499136,pstep-1,143654912
Suparnas-MacBook-Pro.local,19588,2017-08-08,22:07:22,89.9,555M+,MATLAB,2017-08-08,22:06:51.079,2017-08-08,22:06:54.130,129499136,pstep-2,129499136
Suparnas-MacBook-Pro.local,19588,2017-08-08,22:07:22,89.9,555M+,MATLAB,2017-08-08,22:06:54.136,2017-08-08,22:06:57.781,129499136,pstep-3,129499136
Suparnas-MacBook-Pro.local,19588,2017-08-08,22:07:22,89.9,555M+,MATLAB,2017-08-08,22:06:57.796,2017-08-08,22:07:01.134,196608000,pstep-4,129499136
Suparnas-MacBook-Pro.local,19588,2017-08-08,22:07:22,89.9,555M+,MATLAB,2017-08-08,22:07:01.138,2017-08-08,22:07:04.969,196608000,pstep-5,196608000
Suparnas-MacBook-Pro.local,19588,2017-08-08,22:07:25,0.0,561M+,MATLAB,2017-08-08,22:06:41.076,2017-08-08,22:06:51.057,129499136,pstep-1,143654912
Suparnas-MacBook-Pro.local,19588,2017-08-08,22:07:25,0.0,561M+,MATLAB,2017-08-08,22:06:51.079,2017-08-08,22:06:54.130,129499136,pstep-2,129499136
Suparnas-MacBook-Pro.local,19588,2017-08-08,22:07:25,0.0,561M+,MATLAB,2017-08-08,22:06:54.136,2017-08-08,22:06:57.781,129499136,pstep-3,129499136
Suparnas-MacBook-Pro.local,19588,2017-08-08,22:07:25,0.0,561M+,MATLAB,2017-08-08,22:06:57.796,2017-08-08,22:07:01.134,196608000,pstep-4,129499136
Suparnas-MacBook-Pro.local,19588,2017-08-08,22:07:25,0.0,561M+,MATLAB,2017-08-08,22:07:01.138,2017-08-08,22:07:04.969,196608000,pstep-5,196608000
Suparnas-MacBook-Pro.local,19588,2017-08-08,22:07:25,87.7,556M-,MATLAB,2017-08-08,22:06:41.076,2017-08-08,22:06:51.057,129499136,pstep-1,143654912
Suparnas-MacBook-Pro.local,19588,2017-08-08,22:07:25,87.7,556M-,MATLAB,2017-08-08,22:06:51.079,2017-08-08,22:06:54.130,129499136,pstep-2,129499136
Suparnas-MacBook-Pro.local,19588,2017-08-08,22:07:25,87.7,556M-,MATLAB,2017-08-08,22:06:54.136,2017-08-08,22:06:57.781,129499136,pstep-3,129499136
Suparnas-MacBook-Pro.local,19588,2017-08-08,22:07:25,87.7,556M-,MATLAB,2017-08-08,22:06:57.796,2017-08-08,22:07:01.134,196608000,pstep-4,129499136
Suparnas-MacBook-Pro.local,19588,2017-08-08,22:07:25,87.7,556M-,MATLAB,2017-08-08,22:07:01.138,2017-08-08,22:07:04.969,196608000,pstep-5,196608000
Suparnas-MacBook-Pro.local,19588,2017-08-08,22:07:27,0.0,556M+,MATLAB,2017-08-08,22:06:41.076,2017-08-08,22:06:51.057,129499136,pstep-1,143654912
Suparnas-MacBook-Pro.local,19588,2017-08-08,22:07:27,0.0,556M+,MATLAB,2017-08-08,22:06:51.079,2017-08-08,22:06:54.130,129499136,pstep-2,129499136
Suparnas-MacBook-Pro.local,19588,2017-08-08,22:07:27,0.0,556M+,MATLAB,2017-08-08,22:06:54.136,2017-08-08,22:06:57.781,129499136,pstep-3,129499136
Suparnas-MacBook-Pro.local,19588,2017-08-08,22:07:27,0.0,556M+,MATLAB,2017-08-08,22:06:57.796,2017-08-08,22:07:01.134,196608000,pstep-4,129499136
Suparnas-MacBook-Pro.local,19588,2017-08-08,22:07:27,0.0,556M+,MATLAB,2017-08-08,22:07:01.138,2017-08-08,22:07:04.969,196608000,pstep-5,196608000
Suparnas-MacBook-Pro.local,19588,2017-08-08,22:07:27,92.1,556M+,MATLAB,2017-08-08,22:06:41.076,2017-08-08,22:06:51.057,129499136,pstep-1,143654912
Suparnas-MacBook-Pro.local,19588,2017-08-08,22:07:27,92.1,556M+,MATLAB,2017-08-08,22:06:51.079,2017-08-08,22:06:54.130,129499136,pstep-2,129499136
Suparnas-MacBook-Pro.local,19588,2017-08-08,22:07:27,92.1,556M+,MATLAB,2017-08-08,22:06:54.136,2017-08-08,22:06:57.781,129499136,pstep-3,129499136
Suparnas-MacBook-Pro.local,19588,2017-08-08,22:07:27,92.1,556M+,MATLAB,2017-08-08,22:06:57.796,2017-08-08,22:07:01.134,196608000,pstep-4,129499136
Suparnas-MacBook-Pro.local,19588,2017-08-08,22:07:27,92.1,556M+,MATLAB,2017-08-08,22:07:01.138,2017-08-08,22:07:04.969,196608000,pstep-5,196608000
Suparnas-MacBook-Pro.local,19588,2017-08-08,22:07:29,0.0,556M+,MATLAB,2017-08-08,22:06:41.076,2017-08-08,22:06:51.057,129499136,pstep-1,143654912
Suparnas-MacBook-Pro.local,19588,2017-08-08,22:07:29,0.0,556M+,MATLAB,2017-08-08,22:06:51.079,2017-08-08,22:06:54.130,129499136,pstep-2,129499136
Suparnas-MacBook-Pro.local,19588,2017-08-08,22:07:29,0.0,556M+,MATLAB,2017-08-08,22:06:54.136,2017-08-08,22:06:57.781,129499136,pstep-3,129499136
Suparnas-MacBook-Pro.local,19588,2017-08-08,22:07:29,0.0,556M+,MATLAB,2017-08-08,22:06:57.796,2017-08-08,22:07:01.134,196608000,pstep-4,129499136
Suparnas-MacBook-Pro.local,19588,2017-08-08,22:07:29,0.0,556M+,MATLAB,2017-08-08,22:07:01.138,2017-08-08,22:07:04.969,196608000,pstep-5,196608000
Suparnas-MacBook-Pro.local,19588,2017-08-08,22:07:29,91.3,556M+,MATLAB,2017-08-08,22:06:41.076,2017-08-08,22:06:51.057,129499136,pstep-1,143654912
Suparnas-MacBook-Pro.local,19588,2017-08-08,22:07:29,91.3,556M+,MATLAB,2017-08-08,22:06:51.079,2017-08-08,22:06:54.130,129499136,pstep-2,129499136
Suparnas-MacBook-Pro.local,19588,2017-08-08,22:07:29,91.3,556M+,MATLAB,2017-08-08,22:06:54.136,2017-08-08,22:06:57.781,129499136,pstep-3,129499136
Suparnas-MacBook-Pro.local,19588,2017-08-08,22:07:29,91.3,556M+,MATLAB,2017-08-08,22:06:57.796,2017-08-08,22:07:01.134,196608000,pstep-4,129499136
Suparnas-MacBook-Pro.local,19588,2017-08-08,22:07:29,91.3,556M+,MATLAB,2017-08-08,22:07:01.138,2017-08-08,22:07:04.969,196608000,pstep-5,196608000
Suparnas-MacBook-Pro.local,19588,2017-08-08,22:07:32,0.0,557M+,MATLAB,2017-08-08,22:06:41.076,2017-08-08,22:06:51.057,129499136,pstep-1,143654912
Suparnas-MacBook-Pro.local,19588,2017-08-08,22:07:32,0.0,557M+,MATLAB,2017-08-08,22:06:51.079,2017-08-08,22:06:54.130,129499136,pstep-2,129499136
Suparnas-MacBook-Pro.local,19588,2017-08-08,22:07:32,0.0,557M+,MATLAB,2017-08-08,22:06:54.136,2017-08-08,22:06:57.781,129499136,pstep-3,129499136
Suparnas-MacBook-Pro.local,19588,2017-08-08,22:07:32,0.0,557M+,MATLAB,2017-08-08,22:06:57.796,2017-08-08,22:07:01.134,196608000,pstep-4,129499136
Suparnas-MacBook-Pro.local,19588,2017-08-08,22:07:32,0.0,557M+,MATLAB,2017-08-08,22:07:01.138,2017-08-08,22:07:04.969,196608000,pstep-5,196608000
Suparnas-MacBook-Pro.local,19588,2017-08-08,22:07:32,90.5,556M-,MATLAB,2017-08-08,22:06:41.076,2017-08-08,22:06:51.057,129499136,pstep-1,143654912
Suparnas-MacBook-Pro.local,19588,2017-08-08,22:07:32,90.5,556M-,MATLAB,2017-08-08,22:06:51.079,2017-08-08,22:06:54.130,129499136,pstep-2,129499136
Suparnas-MacBook-Pro.local,19588,2017-08-08,22:07:32,90.5,556M-,MATLAB,2017-08-08,22:06:54.136,2017-08-08,22:06:57.781,129499136,pstep-3,129499136
Suparnas-MacBook-Pro.local,19588,2017-08-08,22:07:32,90.5,556M-,MATLAB,2017-08-08,22:06:57.796,2017-08-08,22:07:01.134,196608000,pstep-4,129499136
Suparnas-MacBook-Pro.local,19588,2017-08-08,22:07:32,90.5,556M-,MATLAB,2017-08-08,22:07:01.138,2017-08-08,22:07:04.969,196608000,pstep-5,196608000
Suparnas-MacBook-Pro.local,19588,2017-08-08,22:07:34,0.0,556M+,MATLAB,2017-08-08,22:06:41.076,2017-08-08,22:06:51.057,129499136,pstep-1,143654912
Suparnas-MacBook-Pro.local,19588,2017-08-08,22:07:34,0.0,556M+,MATLAB,2017-08-08,22:06:51.079,2017-08-08,22:06:54.130,129499136,pstep-2,129499136
Suparnas-MacBook-Pro.local,19588,2017-08-08,22:07:34,0.0,556M+,MATLAB,2017-08-08,22:06:54.136,2017-08-08,22:06:57.781,129499136,pstep-3,129499136
Suparnas-MacBook-Pro.local,19588,2017-08-08,22:07:34,0.0,556M+,MATLAB,2017-08-08,22:06:57.796,2017-08-08,22:07:01.134,196608000,pstep-4,129499136
Suparnas-MacBook-Pro.local,19588,2017-08-08,22:07:34,0.0,556M+,MATLAB,2017-08-08,22:07:01.138,2017-08-08,22:07:04.969,196608000,pstep-5,196608000
Suparnas-MacBook-Pro.local,19588,2017-08-08,22:07:34,90.6,556M+,MATLAB,2017-08-08,22:06:41.076,2017-08-08,22:06:51.057,129499136,pstep-1,143654912
Suparnas-MacBook-Pro.local,19588,2017-08-08,22:07:34,90.6,556M+,MATLAB,2017-08-08,22:06:51.079,2017-08-08,22:06:54.130,129499136,pstep-2,129499136
Suparnas-MacBook-Pro.local,19588,2017-08-08,22:07:34,90.6,556M+,MATLAB,2017-08-08,22:06:54.136,2017-08-08,22:06:57.781,129499136,pstep-3,129499136
Suparnas-MacBook-Pro.local,19588,2017-08-08,22:07:34,90.6,556M+,MATLAB,2017-08-08,22:06:57.796,2017-08-08,22:07:01.134,196608000,pstep-4,129499136
Suparnas-MacBook-Pro.local,19588,2017-08-08,22:07:34,90.6,556M+,MATLAB,2017-08-08,22:07:01.138,2017-08-08,22:07:04.969,196608000,pstep-5,196608000
Suparnas-MacBook-Pro.local,19588,2017-08-08,22:07:36,0.0,556M+,MATLAB,2017-08-08,22:06:41.076,2017-08-08,22:06:51.057,129499136,pstep-1,143654912
Suparnas-MacBook-Pro.local,19588,2017-08-08,22:07:36,0.0,556M+,MATLAB,2017-08-08,22:06:51.079,2017-08-08,22:06:54.130,129499136,pstep-2,129499136
Suparnas-MacBook-Pro.local,19588,2017-08-08,22:07:36,0.0,556M+,MATLAB,2017-08-08,22:06:54.136,2017-08-08,22:06:57.781,129499136,pstep-3,129499136
Suparnas-MacBook-Pro.local,19588,2017-08-08,22:07:36,0.0,556M+,MATLAB,2017-08-08,22:06:57.796,2017-08-08,22:07:01.134,196608000,pstep-4,129499136
Suparnas-MacBook-Pro.local,19588,2017-08-08,22:07:36,0.0,556M+,MATLAB,2017-08-08,22:07:01.138,2017-08-08,22:07:04.969,196608000,pstep-5,196608000
Suparnas-MacBook-Pro.local,19588,2017-08-08,22:07:36,89.4,557M+,MATLAB,2017-08-08,22:06:41.076,2017-08-08,22:06:51.057,129499136,pstep-1,143654912
Suparnas-MacBook-Pro.local,19588,2017-08-08,22:07:36,89.4,557M+,MATLAB,2017-08-08,22:06:51.079,2017-08-08,22:06:54.130,129499136,pstep-2,129499136
Suparnas-MacBook-Pro.local,19588,2017-08-08,22:07:36,89.4,557M+,MATLAB,2017-08-08,22:06:54.136,2017-08-08,22:06:57.781,129499136,pstep-3,129499136
Suparnas-MacBook-Pro.local,19588,2017-08-08,22:07:36,89.4,557M+,MATLAB,2017-08-08,22:06:57.796,2017-08-08,22:07:01.134,196608000,pstep-4,129499136
Suparnas-MacBook-Pro.local,19588,2017-08-08,22:07:36,89.4,557M+,MATLAB,2017-08-08,22:07:01.138,2017-08-08,22:07:04.969,196608000,pstep-5,196608000
Suparnas-MacBook-Pro.local,19588,2017-08-08,22:07:38,0.0,559M+,MATLAB,2017-08-08,22:06:41.076,2017-08-08,22:06:51.057,129499136,pstep-1,143654912
Suparnas-MacBook-Pro.local,19588,2017-08-08,22:07:38,0.0,559M+,MATLAB,2017-08-08,22:06:51.079,2017-08-08,22:06:54.130,129499136,pstep-2,129499136
Suparnas-MacBook-Pro.local,19588,2017-08-08,22:07:38,0.0,559M+,MATLAB,2017-08-08,22:06:54.136,2017-08-08,22:06:57.781,129499136,pstep-3,129499136
Suparnas-MacBook-Pro.local,19588,2017-08-08,22:07:38,0.0,559M+,MATLAB,2017-08-08,22:06:57.796,2017-08-08,22:07:01.134,196608000,pstep-4,129499136
Suparnas-MacBook-Pro.local,19588,2017-08-08,22:07:38,0.0,559M+,MATLAB,2017-08-08,22:07:01.138,2017-08-08,22:07:04.969,196608000,pstep-5,196608000
Suparnas-MacBook-Pro.local,19588,2017-08-08,22:07:38,64.6,539M-,MATLAB,2017-08-08,22:06:41.076,2017-08-08,22:06:51.057,129499136,pstep-1,143654912
Suparnas-MacBook-Pro.local,19588,2017-08-08,22:07:38,64.6,539M-,MATLAB,2017-08-08,22:06:51.079,2017-08-08,22:06:54.130,129499136,pstep-2,129499136
Suparnas-MacBook-Pro.local,19588,2017-08-08,22:07:38,64.6,539M-,MATLAB,2017-08-08,22:06:54.136,2017-08-08,22:06:57.781,129499136,pstep-3,129499136
Suparnas-MacBook-Pro.local,19588,2017-08-08,22:07:38,64.6,539M-,MATLAB,2017-08-08,22:06:57.796,2017-08-08,22:07:01.134,196608000,pstep-4,129499136
Suparnas-MacBook-Pro.local,19588,2017-08-08,22:07:38,64.6,539M-,MATLAB,2017-08-08,22:07:01.138,2017-08-08,22:07:04.969,196608000,pstep-5,196608000
Suparnas-MacBook-Pro.local,19588,2017-08-08,22:07:41,0.0,453M+,MATLAB,2017-08-08,22:06:41.076,2017-08-08,22:06:51.057,129499136,pstep-1,143654912
Suparnas-MacBook-Pro.local,19588,2017-08-08,22:07:41,0.0,453M+,MATLAB,2017-08-08,22:06:51.079,2017-08-08,22:06:54.130,129499136,pstep-2,129499136
Suparnas-MacBook-Pro.local,19588,2017-08-08,22:07:41,0.0,453M+,MATLAB,2017-08-08,22:06:54.136,2017-08-08,22:06:57.781,129499136,pstep-3,129499136
Suparnas-MacBook-Pro.local,19588,2017-08-08,22:07:41,0.0,453M+,MATLAB,2017-08-08,22:06:57.796,2017-08-08,22:07:01.134,196608000,pstep-4,129499136
Suparnas-MacBook-Pro.local,19588,2017-08-08,22:07:41,0.0,453M+,MATLAB,2017-08-08,22:07:01.138,2017-08-08,22:07:04.969,196608000,pstep-5,196608000
